-- phpMyAdmin SQL Dump
-- version 5.2.1
-- https://www.phpmyadmin.net/
--
-- Host: 127.0.0.1
-- Generation Time: Jul 22, 2023 at 06:37 PM
-- Server version: 10.4.28-MariaDB
-- PHP Version: 8.2.4

SET SQL_MODE = "NO_AUTO_VALUE_ON_ZERO";
START TRANSACTION;
SET time_zone = "+00:00";


/*!40101 SET @OLD_CHARACTER_SET_CLIENT=@@CHARACTER_SET_CLIENT */;
/*!40101 SET @OLD_CHARACTER_SET_RESULTS=@@CHARACTER_SET_RESULTS */;
/*!40101 SET @OLD_COLLATION_CONNECTION=@@COLLATION_CONNECTION */;
/*!40101 SET NAMES utf8mb4 */;

--
-- Database: `day_tedc`
--

-- --------------------------------------------------------

--
-- Table structure for table `kelas`
--

CREATE TABLE `kelas` (
  `id_kelas` int(11) DEFAULT NULL,
  `nama_kelas` varchar(50) DEFAULT NULL
) ENGINE=InnoDB DEFAULT CHARSET=latin1 COLLATE=latin1_swedish_ci ROW_FORMAT=COMPACT;

--
-- Dumping data for table `kelas`
--

INSERT INTO `kelas` (`id_kelas`, `nama_kelas`) VALUES
(1, 'AK 2021'),
(2, 'AK 2020'),
(3, 'TM 2020'),
(4, 'TM 2021'),
(5, 'TK 2021'),
(6, 'TK 2020'),
(7, 'TE 2021'),
(8, 'TE 2021 K'),
(9, 'TE 2020'),
(10, 'TE 2020 K'),
(11, 'MO 2020'),
(12, 'MO 2021'),
(13, 'AB 2021'),
(14, 'AB 2020 A'),
(15, 'AB 2020 B'),
(16, 'KIM 2021'),
(17, 'KIM 2020'),
(18, 'KIM 2020 K'),
(19, 'RM 2021 A'),
(20, 'RM 2021 B'),
(21, 'RM 2021 K'),
(22, 'RM 2020 A'),
(23, 'RM 2020 B'),
(24, 'RM 2020 K'),
(25, 'IF 2021 A'),
(27, 'IF 2021 K'),
(28, 'IF 2020 A'),
(29, 'IF 2020 B'),
(30, 'IF 2020 C'),
(31, 'IF 2020 K'),
(32, 'IF 2019 A'),
(33, 'IF 2019 B'),
(34, 'IF 2019 C'),
(35, 'IF 2019 D'),
(36, 'IF 2019 E'),
(37, 'IF 2019 K'),
(38, 'KA 2021'),
(39, 'KA 2020 A'),
(40, 'KA 2020 B'),
(41, 'KA 2020 K'),
(42, 'KA 2019 A'),
(43, 'KA 2019 B'),
(44, 'KA 2019 C'),
(45, 'KA 2019 K'),
(46, 'MID 2021'),
(47, 'MID 2021 K'),
(48, 'MID 2020'),
(49, 'MID 2020 K'),
(50, 'MID 2019'),
(51, 'MID 2019 K'),
(52, 'MK 2021'),
(53, 'MK 2020'),
(54, 'MK 2019'),
(55, 'TOI 2021'),
(56, 'TOI 2020 A'),
(57, 'TOI 2020 B'),
(58, 'TOI 2020 K'),
(59, 'TOI 2019 A'),
(60, 'TOI 2019 B'),
(61, 'TOI 2019 K'),
(62, 'KB 2021'),
(63, 'KB 2021 K'),
(64, 'KB 2020'),
(65, 'KB 2019'),
(66, 'KB 2019 K'),
(26, 'IF 2021 B');

-- --------------------------------------------------------

--
-- Table structure for table `kelas_mahasiswa`
--

CREATE TABLE `kelas_mahasiswa` (
  `id` int(11) DEFAULT NULL,
  `kelas_id` int(11) DEFAULT NULL,
  `mahasiswa_id` int(11) DEFAULT NULL
) ENGINE=InnoDB DEFAULT CHARSET=latin1 COLLATE=latin1_swedish_ci ROW_FORMAT=COMPACT;

--
-- Dumping data for table `kelas_mahasiswa`
--

INSERT INTO `kelas_mahasiswa` (`id`, `kelas_id`, `mahasiswa_id`) VALUES
(1, 14, 950),
(2, 14, 951),
(3, 14, 952),
(4, 14, 1296),
(5, 14, 953),
(6, 14, 954),
(7, 14, 955),
(8, 14, 956),
(9, 14, 957),
(10, 14, 959),
(11, 14, 960),
(12, 14, 962),
(13, 14, 963),
(14, 14, 964),
(15, 14, 965),
(16, 14, 966),
(17, 14, 969),
(18, 14, 970),
(19, 14, 971),
(20, 14, 972),
(21, 15, 974),
(22, 15, 975),
(23, 15, 976),
(24, 15, 977),
(25, 15, 978),
(26, 15, 979),
(27, 15, 980),
(28, 15, 981),
(29, 15, 982),
(30, 15, 983),
(31, 15, 986),
(32, 15, 989),
(33, 15, 990),
(34, 15, 991),
(35, 15, 992),
(36, 15, 993),
(37, 15, 994),
(38, 15, 995),
(39, 15, 985),
(40, 13, 1354),
(41, 13, 1355),
(42, 13, 1356),
(43, 13, 1357),
(44, 13, 1358),
(45, 13, 1360),
(46, 13, 1361),
(47, 13, 1362),
(48, 13, 1363),
(49, 13, 1364),
(50, 13, 1366),
(51, 13, 1367),
(52, 13, 1368),
(53, 13, 1369),
(54, 13, 1370),
(55, 13, 1371),
(56, 13, 1372),
(57, 13, 1373),
(58, 13, 1374),
(59, 13, 1375),
(60, 13, 1376),
(61, 13, 1377),
(62, 13, 1379),
(63, 13, 1615),
(64, 13, 1622),
(65, 13, 40),
(66, 2, 692),
(67, 2, 693),
(68, 2, 694),
(69, 2, 695),
(70, 2, 696),
(71, 2, 697),
(72, 2, 698),
(73, 2, 699),
(74, 2, 700),
(75, 2, 701),
(76, 2, 702),
(77, 2, 703),
(78, 2, 704),
(79, 2, 705),
(80, 2, 706),
(81, 2, 707),
(82, 2, 708),
(83, 2, 709),
(84, 2, 710),
(85, 2, 711),
(86, 2, 712),
(87, 2, 713),
(88, 2, 714),
(89, 2, 715),
(90, 2, 718),
(91, 2, 719),
(92, 2, 723),
(93, 2, 725),
(94, 2, 726),
(95, 2, 727),
(96, 2, 728),
(97, 2, 729),
(98, 1, 1303),
(99, 1, 1304),
(100, 1, 1305),
(101, 1, 1306),
(102, 1, 1616),
(103, 1, 1630),
(104, 1, 1631),
(105, 1, 1633),
(106, 1, 1634),
(107, 1, 1635),
(108, 1, 1636),
(109, 1, 1638),
(110, 1, 1692),
(111, 1, 1693),
(112, 42, 513),
(113, 42, 512),
(114, 42, 510),
(115, 42, 509),
(116, 42, 508),
(117, 42, 506),
(118, 42, 505),
(119, 42, 504),
(120, 42, 515),
(121, 42, 502),
(122, 42, 503),
(123, 42, 501),
(124, 42, 500),
(125, 42, 499),
(126, 42, 496),
(127, 42, 494),
(128, 42, 493),
(129, 42, 490),
(130, 42, 489),
(131, 42, 488),
(132, 42, 485),
(133, 42, 484),
(134, 42, 483),
(135, 43, 550),
(136, 43, 551),
(137, 43, 553),
(138, 43, 554),
(139, 43, 555),
(140, 43, 556),
(141, 43, 557),
(142, 43, 558),
(143, 43, 559),
(144, 43, 560),
(145, 43, 561),
(146, 43, 562),
(147, 43, 564),
(148, 43, 565),
(149, 43, 566),
(150, 43, 567),
(151, 43, 568),
(152, 43, 569),
(153, 43, 570),
(154, 43, NULL),
(155, 44, 571),
(156, 44, 573),
(157, 44, 574),
(158, 44, 575),
(159, 44, 576),
(160, 44, 577),
(161, 44, 578),
(162, 44, 579),
(163, 44, 580),
(164, 44, 581),
(165, 44, 582),
(166, 44, 583),
(167, 44, 584),
(168, 44, 585),
(169, 44, 586),
(170, 44, 587),
(171, 44, 588),
(172, 44, 589),
(173, 44, 590),
(174, 44, 591),
(175, 45, 511),
(176, 45, 498),
(177, 45, 516),
(178, 45, 491),
(179, 45, 487),
(180, 45, 481),
(181, 39, 1223),
(182, 39, 1224),
(183, 39, 1225),
(184, 39, 1226),
(185, 39, 1227),
(186, 39, 1228),
(187, 39, 1229),
(188, 39, 1230),
(189, 39, 1291),
(190, 39, 1231),
(191, 39, 1232),
(192, 39, 1233),
(193, 39, 1234),
(194, 39, 1235),
(195, 39, 1236),
(196, 39, 1237),
(197, 39, 1238),
(198, 39, 1239),
(199, 39, 1240),
(200, 39, 1241),
(201, 39, 1242),
(202, 39, 1243),
(203, 39, 1244),
(204, 39, 1245),
(205, 39, 1246),
(206, 39, 1247),
(207, 39, 1248),
(208, 39, 1249),
(209, 39, 1250),
(210, 39, 1251),
(211, 39, 1252),
(212, 40, 1253),
(213, 40, 1254),
(214, 40, 1255),
(215, 40, 1256),
(216, 40, 1257),
(217, 40, 1258),
(218, 40, 1259),
(219, 40, 1260),
(220, 40, 1261),
(221, 40, 1262),
(222, 40, 1263),
(223, 40, 1264),
(224, 40, 1265),
(225, 40, 1266),
(226, 40, 1267),
(227, 40, 1268),
(228, 40, 1269),
(229, 40, 1270),
(230, 40, 1271),
(231, 40, 1272),
(232, 40, 1273),
(233, 40, 1274),
(234, 40, 1276),
(235, 40, 1277),
(236, 40, 1278),
(237, 40, 1279),
(238, 40, 1280),
(239, 40, NULL),
(240, 41, 1284),
(241, 41, 1285),
(242, 41, 1286),
(243, 41, 1287),
(244, 41, 1289),
(245, 41, 1282),
(246, 38, 1508),
(247, 38, 1509),
(248, 38, 1510),
(249, 38, 1511),
(250, 38, 1512),
(251, 38, 1513),
(252, 38, 1514),
(253, 38, 1515),
(254, 38, 1516),
(255, 38, 1517),
(256, 38, 1518),
(257, 38, 1519),
(258, 38, 1520),
(259, 38, 1521),
(260, 38, 1522),
(261, 38, 1523),
(262, 38, 1524),
(263, 38, 1525),
(264, 38, 1526),
(265, 38, 1527),
(266, 38, 1528),
(267, 38, 1529),
(268, 38, 1530),
(269, 38, 1531),
(270, 38, 1532),
(271, 38, 1533),
(272, 38, 1535),
(273, 38, 1536),
(274, 38, 1537),
(275, 38, 1538),
(276, 38, 1539),
(277, 38, 1640),
(278, 38, 1641),
(279, 38, 1642),
(280, 38, 497),
(281, 38, 1275),
(282, 65, 110),
(283, 65, 111),
(284, 65, 112),
(285, 65, 113),
(286, 65, 114),
(287, 65, 115),
(288, 65, 116),
(289, 65, 117),
(290, 65, 118),
(291, 65, 119),
(292, 65, 121),
(293, 65, 122),
(294, 66, 124),
(295, 66, 125),
(296, 66, 126),
(297, 64, 1109),
(298, 64, 1110),
(299, 64, 1111),
(300, 64, 1112),
(301, 64, 1113),
(302, 64, 1114),
(303, 64, 1115),
(304, 64, 1116),
(305, 64, 1117),
(306, 64, 1118),
(307, 64, 1119),
(308, 64, 1120),
(309, 64, 1121),
(310, 64, 1122),
(311, 64, 1123),
(312, 64, 1124),
(313, 64, 1125),
(314, 64, 1126),
(315, 64, 1127),
(316, 64, 1128),
(317, 64, 1129),
(318, 64, 1130),
(319, 64, 1131),
(320, 64, 1132),
(321, 64, 1133),
(322, 64, 1135),
(323, 64, 1136),
(324, 64, 1139),
(325, 64, 1140),
(326, 64, 1141),
(327, 64, 1295),
(328, 62, 1584),
(329, 62, 1585),
(330, 62, 1586),
(331, 62, 1590),
(332, 62, 1591),
(333, 62, 1593),
(334, 62, 1594),
(335, 62, 1601),
(336, 62, 1602),
(337, 62, 1643),
(338, 63, 1595),
(339, 63, 1596),
(340, 63, 1597),
(341, 63, 1598),
(342, 63, 1599),
(343, 63, 1600),
(344, 17, 769),
(345, 17, 770),
(346, 17, 771),
(347, 17, 772),
(348, 17, 773),
(349, 17, 774),
(350, 17, 775),
(351, 17, 776),
(352, 17, 777),
(353, 17, 785),
(354, 17, 788),
(355, 17, 789),
(356, 17, 790),
(357, 17, 791),
(358, 17, 817),
(359, 18, 792),
(360, 18, 793),
(361, 18, 794),
(362, 18, 798),
(363, 18, 820),
(364, 16, 1380),
(365, 16, 1381),
(366, 16, 1382),
(367, 16, 1383),
(368, 16, 1384),
(369, 16, 1385),
(370, 16, 1386),
(371, 16, 1388),
(372, 50, 148),
(373, 50, 149),
(374, 50, 596),
(375, 50, 152),
(376, 50, 153),
(377, 50, 597),
(378, 50, 598),
(379, 50, 156),
(380, 50, 157),
(381, 50, 158),
(382, 50, 600),
(383, 50, 601),
(384, 50, 602),
(385, 50, 603),
(386, 50, 159),
(387, 50, 604),
(388, 50, 605),
(389, 50, 606),
(390, 50, 607),
(391, 50, 608),
(392, 50, 609),
(393, 50, 610),
(394, 50, 611),
(395, 50, 612),
(396, 50, 2075),
(397, 51, 594),
(398, 51, 163),
(399, 51, 164),
(400, 51, 165),
(401, 51, 166),
(402, 51, 167),
(403, 51, 168),
(404, 51, 169),
(405, 51, 170),
(406, 51, 171),
(407, 51, 172),
(408, 51, 173),
(409, 51, 174),
(410, 51, 175),
(411, 51, 176),
(412, 51, 595),
(413, 51, 177),
(414, 51, 178),
(415, 51, 160),
(416, 51, 1300),
(417, 51, 155),
(418, 51, 2118),
(419, 51, 161),
(420, 48, 1053),
(421, 48, 1054),
(422, 48, 1055),
(423, 48, 1056),
(424, 48, 1057),
(425, 48, 1058),
(426, 48, 1059),
(427, 48, 1060),
(428, 48, 1061),
(429, 48, 1062),
(430, 48, 1063),
(431, 48, 1065),
(432, 48, 1066),
(433, 48, 1067),
(434, 48, 1068),
(435, 48, 1069),
(436, 48, 1070),
(437, 48, 1071),
(438, 48, 1072),
(439, 48, 1073),
(440, 48, 1074),
(441, 48, 1075),
(442, 48, 1076),
(443, 48, 1077),
(444, 48, 1079),
(445, 48, 1080),
(446, 49, 1082),
(447, 49, 1083),
(448, 49, 1084),
(449, 49, 1085),
(450, 49, 1086),
(451, 49, 1087),
(452, 49, 1088),
(453, 49, 1091),
(454, 49, 1093),
(455, 49, 1078),
(456, 46, 1540),
(457, 46, 1541),
(458, 46, 1542),
(459, 46, 1543),
(460, 46, 1544),
(461, 46, 1545),
(462, 46, 1546),
(463, 46, 1547),
(464, 46, 1548),
(465, 46, 1549),
(466, 47, 1550),
(467, 47, 1551),
(468, 47, 1552),
(469, 47, 1553),
(470, 47, 1554),
(471, 47, 1555),
(472, 47, 1607),
(473, 47, 1621),
(474, 54, 127),
(475, 54, 613),
(476, 54, 614),
(477, 54, 615),
(478, 54, 129),
(479, 54, 130),
(480, 54, 616),
(481, 54, 131),
(482, 54, 617),
(483, 54, 132),
(484, 54, 133),
(485, 54, 619),
(486, 54, 621),
(487, 54, 622),
(488, 53, 1094),
(489, 53, 1095),
(490, 53, 1097),
(491, 53, 1099),
(492, 53, 1100),
(493, 53, 1101),
(494, 53, 1102),
(495, 53, 1103),
(496, 53, 1104),
(497, 53, 1105),
(498, 53, 1106),
(499, 53, 1107),
(500, 53, 1108),
(501, 52, 1556),
(502, 52, 1557),
(503, 52, 1558),
(504, 52, 1559),
(505, 52, 1560),
(506, 52, 1562),
(507, 52, 1563),
(508, 52, 1644),
(509, 52, 1645),
(510, 11, 884),
(511, 11, 885),
(512, 11, 934),
(513, 11, 935),
(514, 11, 936),
(515, 11, 939),
(516, 11, 940),
(517, 11, 943),
(518, 11, 944),
(519, 11, 945),
(520, 11, 946),
(521, 11, 948),
(522, 12, 1346),
(523, 12, 1347),
(524, 12, 1348),
(525, 12, 1349),
(526, 12, 1350),
(527, 12, 1351),
(528, 12, 1352),
(529, 12, 1353),
(530, 12, 1609),
(531, 12, 1610),
(532, 12, 1691),
(533, 22, 996),
(534, 22, 997),
(535, 22, 998),
(536, 22, 999),
(537, 22, 1000),
(538, 22, 1001),
(539, 22, 1002),
(540, 22, 1003),
(541, 22, 1004),
(542, 22, 1005),
(543, 22, 1006),
(544, 22, 1007),
(545, 22, 1008),
(546, 22, 1009),
(547, 22, 1010),
(548, 22, 1012),
(549, 22, 1013),
(550, 22, 1014),
(551, 22, 1143),
(552, 22, 1016),
(553, 22, 1017),
(554, 22, 1018),
(555, 22, 1019),
(556, 22, 1020),
(557, 23, 1021),
(558, 23, 1022),
(559, 23, 1023),
(560, 23, 1024),
(561, 23, 1025),
(562, 23, 1026),
(563, 23, 1027),
(564, 23, 1028),
(565, 23, 1029),
(566, 23, 1030),
(567, 23, 1031),
(568, 23, 1032),
(569, 23, 1033),
(570, 23, 1034),
(571, 23, 1035),
(572, 23, 1036),
(573, 23, 1037),
(574, 23, 1038),
(575, 23, 1039),
(576, 23, 1040),
(577, 23, 1041),
(578, 23, 1042),
(579, 23, 1043),
(580, 23, 1044),
(581, 23, 1045),
(582, 23, 1046),
(583, 24, 1047),
(584, 24, 1049),
(585, 24, 1048),
(586, 24, 1050),
(587, 24, 1051),
(588, 24, 1052),
(589, 19, 1391),
(590, 19, 1393),
(591, 19, 1394),
(592, 19, 1397),
(593, 19, 1400),
(594, 19, 1404),
(595, 19, 1405),
(596, 19, 1406),
(597, 19, 1407),
(598, 19, 1408),
(599, 19, 1409),
(600, 19, 1414),
(601, 19, 1418),
(602, 19, 1419),
(603, 19, 1420),
(604, 19, 1423),
(605, 19, 1424),
(606, 19, 1620),
(607, 20, 1389),
(608, 20, 1390),
(609, 20, 1392),
(610, 20, 1395),
(611, 20, 1398),
(612, 20, 1399),
(613, 20, 1401),
(614, 20, 1402),
(615, 20, 1403),
(616, 20, 1410),
(617, 20, 1411),
(618, 20, 1412),
(619, 20, 1413),
(620, 20, 1415),
(621, 20, 1416),
(622, 20, 1417),
(623, 20, 1421),
(624, 20, 1422),
(625, 21, 1425),
(626, 21, 1426),
(627, 21, 1427),
(628, 21, 1428),
(629, 21, 1429),
(630, 9, 821),
(631, 9, 822),
(632, 9, 823),
(633, 9, 824),
(634, 9, 825),
(635, 9, 826),
(636, 9, 827),
(637, 9, 829),
(638, 9, 830),
(639, 9, 831),
(640, 9, 832),
(641, 9, 833),
(642, 9, 834),
(643, 9, 835),
(644, 9, 837),
(645, 9, 838),
(646, 10, 839),
(647, 10, 854),
(648, 10, 873),
(649, 10, 874),
(650, 10, 875),
(651, 10, 876),
(652, 10, 878),
(653, 10, 879),
(654, 10, 880),
(655, 10, 881),
(656, 10, 883),
(657, 10, 1947),
(658, 7, 1329),
(659, 7, 1331),
(660, 7, 1332),
(661, 7, 1333),
(662, 7, 1334),
(663, 7, 1335),
(664, 7, 1336),
(665, 7, 1337),
(666, 7, 1338),
(667, 8, 1339),
(668, 8, 1340),
(669, 8, 1341),
(670, 8, 1342),
(671, 8, 1343),
(672, 8, 1344),
(673, 8, 1345),
(674, 8, 1619),
(675, 8, 1688),
(676, 32, 212),
(677, 32, 207),
(678, 32, 318),
(679, 32, 319),
(680, 32, 215),
(681, 32, 320),
(682, 32, 321),
(683, 32, 224),
(684, 32, 322),
(685, 32, 324),
(686, 32, 325),
(687, 32, 326),
(688, 32, 328),
(689, 32, 180),
(690, 32, 329),
(691, 32, 330),
(692, 32, 188),
(693, 32, 189),
(694, 32, 331),
(695, 32, 192),
(696, 32, 195),
(697, 32, 332),
(698, 32, 203),
(699, 32, 202),
(700, 33, 208),
(701, 33, 209),
(702, 33, 288),
(703, 33, 211),
(704, 33, 289),
(705, 33, 291),
(706, 33, 292),
(707, 33, 226),
(708, 33, 228),
(709, 33, 223),
(710, 33, 297),
(711, 33, 185),
(712, 33, 181),
(713, 33, 298),
(714, 33, 299),
(715, 33, 300),
(716, 33, 301),
(717, 33, 191),
(718, 33, 196),
(719, 33, 197),
(720, 33, 302),
(721, 33, 204),
(722, 33, 205),
(723, 33, 303),
(724, 33, 1741),
(725, 34, 308),
(726, 34, 213),
(727, 34, 309),
(728, 34, 221),
(729, 34, 311),
(730, 34, 229),
(731, 34, 230),
(732, 34, 231),
(733, 34, 312),
(734, 34, 183),
(735, 34, 182),
(736, 34, 313),
(737, 34, 314),
(738, 34, 315),
(739, 34, 187),
(740, 34, 194),
(741, 34, 316),
(742, 34, 199),
(743, 34, 200),
(744, 34, 206),
(745, 35, 268),
(746, 35, 210),
(747, 35, 269),
(748, 35, 218),
(749, 35, 270),
(750, 35, 220),
(751, 35, 271),
(752, 35, 222),
(753, 35, 272),
(754, 35, 186),
(755, 35, 273),
(756, 35, 190),
(757, 35, 274),
(758, 35, 275),
(759, 35, 276),
(760, 35, 278),
(761, 35, 279),
(762, 35, 201),
(763, 35, 281),
(764, 35, 283),
(765, 35, 295),
(766, 35, 284),
(767, 35, 593),
(768, 36, 632),
(769, 36, 633),
(770, 36, 634),
(771, 36, 635),
(772, 36, 639),
(773, 36, 216),
(774, 36, 642),
(775, 36, 647),
(776, 36, 650),
(777, 36, 296),
(778, 36, 184),
(779, 36, 654),
(780, 36, 656),
(781, 36, 657),
(782, 36, 658),
(783, 36, 659),
(785, 37, 384),
(786, 37, 386),
(787, 37, 387),
(788, 37, 390),
(789, 37, 393),
(790, 37, 395),
(791, 37, 397),
(792, 37, 398),
(793, 37, 399),
(794, 37, 400),
(795, 37, 402),
(796, 37, 405),
(797, 37, 404),
(798, 37, 408),
(799, 37, 410),
(800, 37, 217),
(801, 37, 193),
(802, 37, 225),
(803, 28, 778),
(804, 28, 779),
(805, 28, 781),
(806, 28, 782),
(807, 28, 783),
(808, 28, 784),
(809, 28, 786),
(810, 28, 787),
(811, 28, 795),
(812, 28, 796),
(813, 28, 797),
(814, 28, 799),
(815, 28, 800),
(816, 28, 801),
(817, 28, 802),
(818, 28, 804),
(819, 28, 805),
(820, 28, 806),
(821, 28, 807),
(822, 28, 808),
(823, 28, 809),
(824, 28, 810),
(825, 28, 812),
(826, 28, 813),
(827, 28, 814),
(828, 28, 815),
(829, 28, 816),
(830, 28, 818),
(831, 28, 819),
(832, 29, 840),
(833, 29, 841),
(834, 29, 843),
(835, 29, 844),
(836, 29, 845),
(837, 29, 846),
(838, 29, 847),
(839, 29, 848),
(840, 29, 849),
(841, 29, 850),
(842, 29, 851),
(843, 29, 852),
(844, 29, 853),
(845, 29, 855),
(846, 29, 856),
(847, 29, 857),
(848, 29, 858),
(849, 29, 860),
(850, 29, 861),
(851, 29, 862),
(852, 29, 863),
(853, 29, 864),
(854, 29, 865),
(855, 29, 866),
(856, 29, 867),
(857, 29, 868),
(858, 29, 869),
(859, 29, 870),
(860, 30, 872),
(861, 30, 886),
(862, 30, 887),
(863, 30, 888),
(864, 30, 889),
(865, 30, 890),
(866, 30, 891),
(867, 30, 892),
(868, 30, 893),
(869, 30, 894),
(870, 30, 895),
(871, 30, 896),
(872, 30, 897),
(873, 30, 898),
(874, 30, 899),
(875, 30, 900),
(876, 30, 901),
(877, 30, 902),
(878, 30, 903),
(879, 30, 904),
(880, 30, 905),
(881, 30, 906),
(882, 30, 907),
(883, 30, 908),
(884, 30, 909),
(885, 30, 912),
(886, 30, 913),
(887, 30, 914),
(888, 31, 915),
(889, 31, 916),
(890, 31, 921),
(891, 31, 923),
(892, 31, 926),
(893, 31, 927),
(894, 31, 928),
(895, 31, 929),
(896, 31, 931),
(897, 31, 811),
(898, 31, 859),
(899, 31, 1294),
(900, 25, 1457),
(901, 25, 1458),
(902, 25, 1461),
(903, 25, 1464),
(904, 25, 1467),
(905, 25, 1468),
(906, 25, 1474),
(907, 25, 1477),
(908, 25, 1478),
(909, 25, 1481),
(910, 25, 1482),
(911, 25, 1485),
(912, 25, 1486),
(913, 25, 1490),
(914, 25, 1493),
(915, 25, 1494),
(916, 25, 1496),
(917, 25, 1497),
(918, 25, 1639),
(919, 26, 1459),
(920, 26, 1460),
(921, 26, 1462),
(922, 26, 1463),
(923, 26, 1465),
(924, 26, 1469),
(925, 26, 1470),
(926, 26, 1472),
(927, 26, 1473),
(928, 26, 1475),
(929, 26, 1476),
(930, 26, 1479),
(931, 26, 1480),
(932, 26, 1483),
(933, 26, 1484),
(934, 26, 1487),
(935, 26, 1488),
(936, 26, 1491),
(937, 26, 1492),
(938, 26, 1495),
(939, 27, 1498),
(940, 27, 1499),
(941, 27, 1500),
(942, 27, 1501),
(943, 27, 1502),
(944, 27, 1503),
(945, 27, 1504),
(946, 27, 1505),
(947, 27, 1612),
(948, 27, 1613),
(949, 27, 1471),
(950, 25, 1756),
(951, 6, 662),
(952, 6, 663),
(953, 6, 664),
(954, 6, 665),
(955, 6, 666),
(956, 6, 667),
(957, 6, 668),
(958, 6, 669),
(959, 6, 671),
(960, 6, 672),
(961, 6, 674),
(962, 6, 675),
(963, 6, 676),
(964, 6, 677),
(965, 6, 679),
(966, 6, 680),
(967, 6, 681),
(968, 6, 682),
(969, 6, 683),
(970, 6, 684),
(971, 6, 685),
(972, 6, 686),
(973, 6, 687),
(974, 6, 688),
(975, 6, 689),
(976, 6, 691),
(977, 5, 1319),
(978, 5, 1320),
(979, 5, 1321),
(980, 5, 1322),
(981, 5, 1323),
(982, 5, 1324),
(983, 5, 1325),
(984, 5, 1326),
(985, 5, 1327),
(986, 5, 1328),
(987, 5, 1604),
(988, 5, 1605),
(989, 5, 1649),
(990, 5, 1650),
(991, 5, 1654),
(992, 5, 1655),
(993, 5, 1657),
(994, 5, 1658),
(995, 5, 1659),
(996, 5, 1661),
(997, 5, 1662),
(998, 5, 1663),
(999, 5, 1664),
(1000, 5, 1665),
(1001, 5, 1666),
(1002, 5, 1670),
(1003, 5, 1689),
(1004, 5, 1690),
(1005, 3, 730),
(1006, 3, 731),
(1007, 3, 732),
(1008, 3, 733),
(1009, 3, 734),
(1010, 3, 735),
(1011, 3, 736),
(1012, 3, 737),
(1013, 3, 738),
(1014, 3, 739),
(1015, 3, 740),
(1016, 3, 741),
(1017, 3, 742),
(1018, 3, 743),
(1019, 3, 744),
(1020, 3, 745),
(1021, 3, 746),
(1022, 3, 747),
(1023, 3, 748),
(1024, 3, 750),
(1025, 3, 751),
(1026, 3, 752),
(1027, 3, 753),
(1028, 3, 754),
(1029, 3, 755),
(1030, 3, 756),
(1031, 3, 757),
(1032, 3, 758),
(1033, 3, 759),
(1034, 3, 760),
(1035, 3, 762),
(1036, 3, 763),
(1037, 3, 764),
(1038, 3, 765),
(1039, 3, 766),
(1040, 3, 767),
(1041, 3, 768),
(1042, 4, 1307),
(1043, 4, 1308),
(1044, 4, 1309),
(1045, 4, 1310),
(1046, 4, 1311),
(1047, 4, 1312),
(1048, 4, 1313),
(1049, 4, 1314),
(1050, 4, 1315),
(1051, 4, 1316),
(1052, 4, 1317),
(1053, 4, 1318),
(1054, 4, 1603),
(1055, 4, 1672),
(1056, 4, 1673),
(1057, 4, 1676),
(1058, 4, 1682),
(1059, 4, 1683),
(1060, 4, 1684),
(1061, 4, 1686),
(1062, 4, 134),
(1063, 59, 442),
(1064, 59, 443),
(1065, 59, 444),
(1066, 59, 445),
(1067, 59, 447),
(1068, 59, 454),
(1069, 59, 457),
(1070, 59, 461),
(1071, 59, 467),
(1072, 59, 469),
(1073, 59, 472),
(1074, 59, 473),
(1075, 59, 474),
(1076, 59, 475),
(1077, 59, 476),
(1078, 59, 477),
(1079, 59, 479),
(1080, 60, 517),
(1081, 60, 526),
(1082, 60, 518),
(1083, 60, 527),
(1084, 60, 528),
(1085, 60, 519),
(1086, 60, 530),
(1087, 60, 531),
(1088, 60, 520),
(1089, 60, 532),
(1090, 60, 521),
(1091, 60, 522),
(1092, 60, 533),
(1093, 60, 524),
(1094, 60, 523),
(1095, 60, 535),
(1096, 60, 525),
(1097, 60, 537),
(1098, 60, 538),
(1099, 60, 540),
(1100, 61, 541),
(1101, 61, 543),
(1102, 61, 544),
(1103, 61, 549),
(1104, 61, 548),
(1105, 61, 539),
(1106, 61, 1297),
(1107, 61, 1298),
(1108, 56, 1142),
(1109, 56, 1144),
(1110, 56, 1145),
(1111, 56, 1146),
(1112, 56, 1147),
(1113, 56, 1148),
(1114, 56, 1149),
(1115, 56, 1150),
(1116, 56, 1151),
(1117, 56, 1152),
(1118, 56, 1153),
(1119, 56, 1154),
(1120, 56, 1155),
(1121, 56, 1156),
(1122, 56, 1157),
(1123, 56, 1159),
(1124, 56, 1160),
(1125, 56, 1161),
(1126, 56, 1164),
(1127, 56, 1167),
(1128, 56, 1168),
(1129, 56, 1169),
(1130, 56, 1170),
(1131, 56, 1172),
(1132, 56, 478),
(1133, 57, 1173),
(1134, 57, 1174),
(1135, 57, 1175),
(1136, 57, 1176),
(1137, 57, 1177),
(1138, 57, 1178),
(1139, 57, 1179),
(1140, 57, 1180),
(1141, 57, 1181),
(1142, 57, 1182),
(1143, 57, 1183),
(1144, 57, 1184),
(1145, 57, 1185),
(1146, 57, 1186),
(1147, 57, 1187),
(1148, 57, 1188),
(1149, 57, 1189),
(1150, 57, 1192),
(1151, 57, 1193),
(1152, 57, 1197),
(1153, 57, 1198),
(1154, 57, 1199),
(1155, 57, 1200),
(1156, 57, 1201),
(1157, 58, 1202),
(1158, 58, 1204),
(1159, 58, 1205),
(1160, 58, 1206),
(1161, 58, 1207),
(1162, 58, 1208),
(1163, 58, 1209),
(1164, 58, 1210),
(1165, 58, 1211),
(1166, 58, 1212),
(1167, 58, 1213),
(1168, 58, 1215),
(1169, 58, 1216),
(1170, 58, 1218),
(1171, 58, 1220),
(1172, 58, 1191),
(1173, 58, 1194),
(1174, 58, 547),
(1175, 58, 1162),
(1176, 58, 1165),
(1177, 58, 1163),
(1178, 55, 1564),
(1179, 55, 1565),
(1180, 55, 1566),
(1181, 55, 1567),
(1182, 55, 1569),
(1183, 55, 1570),
(1184, 55, 1571),
(1185, 55, 1572),
(1186, 55, 1574),
(1187, 55, 1575),
(1188, 55, 1576),
(1189, 55, 1577),
(1190, 55, 1578),
(1191, 55, 1579),
(1192, 55, 1580),
(1193, 55, 1581),
(1194, 55, 1582),
(1195, 55, 1583),
(784, 36, 661),
(NULL, 17, 2293),
(NULL, 27, 2294);

-- --------------------------------------------------------

--
-- Table structure for table `mahasiswa`
--

CREATE TABLE `mahasiswa` (
  `id` int(11) NOT NULL,
  `nama_lengkap` varchar(50) DEFAULT NULL,
  `nim` varchar(10) DEFAULT NULL,
  `program_studi` int(11) DEFAULT NULL,
  `periode` varchar(5) DEFAULT NULL,
  `foto` varchar(100) NOT NULL
) ENGINE=InnoDB DEFAULT CHARSET=latin1 COLLATE=latin1_swedish_ci ROW_FORMAT=COMPACT;

--
-- Dumping data for table `mahasiswa`
--

INSERT INTO `mahasiswa` (`id`, `nama_lengkap`, `nim`, `program_studi`, `periode`, `foto`) VALUES
(1, 'Achmad Syamsul Mukhtadin', 'E511911001', 6, '2019', ''),
(2, 'Akbar Erwan', 'E511911002', 6, '2019', ''),
(3, 'Aldy Wahyu Ilahi', 'E511911003', 6, '2019', ''),
(4, 'Bima Pratama Cahya Ramadhan', 'E511911004', 6, '2019', ''),
(5, 'Cecep Ruhiyat', 'E511911005', 6, '2019', ''),
(6, 'Christian Alfred Ferdyanto Halim', 'E511911006', 6, '2019', ''),
(7, 'Delmar Da Costa', 'E511911008', 6, '2019', ''),
(8, 'Hari Imam Somantri', 'E511911009', 6, '2019', ''),
(9, 'Julio Afonso Dias Da Costa', 'E511911010', 6, '2019', ''),
(10, 'M. Naufal Syamsul Romli', 'E511911011', 6, '2019', ''),
(11, 'Mochammad Daffa Ramadhan', 'E511911012', 6, '2019', ''),
(12, 'Moh. Ilham Primansyah', 'E511911013', 6, '2019', ''),
(13, 'Nazli Faturochman', 'E511911015', 6, '2019', ''),
(14, 'Ricki Meilana', 'E511911014', 6, '2019', ''),
(15, 'Rafly Daffa Athariq', 'E511911016', 6, '2019', ''),
(16, 'Rahadian Ihza Irawadi', 'E511911017', 6, '2019', ''),
(17, 'Ryan Adi Pratama', 'E511911018', 6, '2019', ''),
(18, 'Tia Ramdhani', 'E511911019', 6, '2019', ''),
(19, 'Tito Fulgencio Bras Freitas', 'E511911020', 6, '2019', ''),
(20, 'Windy Octavianus Sinaga', 'E511911021', 6, '2019', ''),
(21, 'Yandi Imammudin', 'E511911022', 6, '2019', ''),
(22, 'Satya Alfian Pramanda', 'E521911086', 5, '2019', ''),
(23, 'Riki Sanjaya', 'E521911078', 5, '2019', ''),
(24, 'Muhammad Riski Aditya', 'E521911068', 5, '2019', ''),
(25, 'Muhamad Muhiyar Abdul Azis', 'E521911057', 5, '2019', ''),
(26, 'M. Ricky Es Memet', 'E521911051', 5, '2019', ''),
(27, 'M. Reynaldo', 'E521911050', 5, '2019', ''),
(28, 'M. Gandhi Thabrani', 'E521911048', 5, '2019', ''),
(29, 'Muhammad Ihsan', 'E521911063', 5, '2019', ''),
(30, 'M. Hafiz Tarsri', 'E521911049', 5, '2019', ''),
(31, 'Jourdy Peramanandy', 'E521911045', 5, '2019', ''),
(32, 'Husain Jalaluddin Assuyuthi', 'E521911039', 5, '2019', ''),
(33, 'Hesa Cahaya Ramadhan', 'E521911038', 5, '2019', ''),
(34, 'Hazal Lorensius Barus', 'E521911035', 5, '2019', ''),
(35, 'Firman Hidayat', 'E521911033', 5, '2019', ''),
(36, 'Donal E. Tambunan', 'E521911027', 5, '2019', ''),
(37, 'Diki Darmawan', 'E521911024', 5, '2019', ''),
(38, 'Deni Saputra', 'E521911021', 5, '2019', ''),
(39, 'Bayu Adelah', 'E521911019', 5, '2019', ''),
(40, 'Antoro Wisdiansyah', 'E521911014', 5, '2019', ''),
(41, 'Alfiansyah', 'E521911009', 5, '2019', ''),
(42, 'Abda Malik', 'E521911001', 5, '2019', ''),
(43, 'Akhsan Ibadurrohman', 'E521911006', 5, '2019', ''),
(44, 'Muhammad Ravliyaldi', 'E521911067', 5, '2019', ''),
(45, 'MHD. Mufti Khadafi', 'E521911065', 5, '2019', ''),
(46, 'Muhammad Farhandi', 'E521911060', 5, '2019', ''),
(47, 'Yogi Rivaldo Sidauruk', 'E521911094', 5, '2019', ''),
(48, 'Wisnu Wardani', 'E521911092', 5, '2019', ''),
(49, 'Tri Nanda Saputra', 'E521911089', 5, '2019', ''),
(50, 'Tegar Kurniawan', 'E521911088', 5, '2019', ''),
(51, 'Sigit Tri Wibowo', 'E521911087', 5, '2019', ''),
(52, 'Satrio Pangestu Utomo', 'E521911085', 5, '2019', ''),
(53, 'Rido Pahlevi', 'E521911077', 5, '2019', ''),
(54, 'Gilang Ramadhan', 'E521911034', 5, '2019', ''),
(55, 'Fierly Apriyan', 'E521911032', 5, '2019', ''),
(56, 'Eko Wahyudi', 'E521911029', 5, '2019', ''),
(57, 'Enggi Firlanda', 'E521911030', 5, '2019', ''),
(58, 'Dimas Prasetiyo', 'E521911025', 5, '2019', ''),
(59, 'David Ardian Putra', 'E521911020', 5, '2019', ''),
(60, 'Bagus Dwi Ramadhan', 'E521911018', 5, '2019', ''),
(61, 'Arizky Subandja', 'E521911016', 5, '2019', ''),
(62, 'Amaver Andrean', 'E521911011', 5, '2019', ''),
(63, 'Arga Ardi Yuda', 'E521911015', 5, '2019', ''),
(64, 'Agung Tri Rahmadoni', 'E521911003', 5, '2019', ''),
(65, 'Andrianus Tambunan', 'E521911013', 5, '2019', ''),
(66, 'Arvi Anggris Gustiyan', 'E521911017', 5, '2019', ''),
(67, 'Aldi Diansyah', 'E521911008', 5, '2019', ''),
(68, 'Muhammad Febi Saputra', 'E521911061', 5, '2019', ''),
(69, 'Mahardika Naufaldi', 'E521911052', 5, '2019', ''),
(70, 'Rizal Hidayat', 'E521911080', 5, '2019', ''),
(71, 'Muhammad Rafli Nasin', 'E521911066', 5, '2019', ''),
(72, 'Novi Ardiansyah Suparli', 'E521911069', 5, '2019', ''),
(73, 'Krisna Ramadhan', 'E521911047', 5, '2019', ''),
(74, 'Imam Adiatma', 'E521911041', 5, '2019', ''),
(75, 'Iwan Hernawan', 'E521911043', 5, '2019', ''),
(76, 'Hendro Sigiro', 'E521911036', 5, '2019', ''),
(77, 'Herno Satria Putra', 'E521911037', 5, '2019', ''),
(78, 'Ichlas Sibgotulloh', 'E521911040', 5, '2019', ''),
(79, 'Okta Redo Akbar', 'E521911070', 5, '2019', ''),
(80, 'Akbar Lindu', 'E521911004', 5, '2019', ''),
(81, 'Valentya Pratiwi', 'E521911090', 5, '2019', ''),
(82, 'Rinaldi', 'E521911079', 5, '2019', ''),
(83, 'Ranto Enim Sihombing', 'E521911072', 5, '2019', ''),
(84, 'Dwi Fajar Agung Y.L', 'E521911028', 5, '2019', ''),
(85, 'Aldo Sergio Limbong', 'E521911007', 5, '2019', ''),
(86, 'Destri Rizqi Ramadhan', 'E521911022', 5, '2019', ''),
(87, 'Ferdy Adiansyah', 'E521911031', 5, '2019', ''),
(88, 'Dike Arpan', 'E521911023', 5, '2019', ''),
(89, 'Alfin Azwar', 'E521911010', 5, '2019', ''),
(90, 'Kemal Kautsar', 'E521911046', 5, '2019', ''),
(91, 'Miftah Rizki Bilhak', 'E521911053', 5, '2019', ''),
(92, 'Jhon Hendrawan', 'E521911044', 5, '2019', ''),
(93, 'Ronaldo Putra Rejeki', 'E521911083', 5, '2019', ''),
(94, 'Roni Saputra Arjamal', 'E521911084', 5, '2019', ''),
(95, 'Redho Al Dillan', 'E521911073', 5, '2019', ''),
(96, 'Renaldy Efriza', 'E521911074', 5, '2019', ''),
(97, 'Afdhal Wiguna', 'E521911002', 5, '2019', ''),
(98, 'Muhammad Irvan Safero', 'E521911064', 5, '2019', ''),
(99, 'Monica Fadhillah', 'E521911055', 5, '2019', ''),
(100, 'Miswar Renaldi', 'E521911054', 5, '2019', ''),
(101, 'M. Aldo Roysendy', 'E521911058', 5, '2019', ''),
(102, 'Muhammad Aziz Septian', 'E521911059', 5, '2019', ''),
(103, 'Muhammad Idha Alfahrezi', 'E521911062', 5, '2019', ''),
(104, 'Andi Kurniawan', 'E521911012', 5, '2019', ''),
(105, 'Wahyu Wali Pangestu', 'E521911091', 5, '2019', ''),
(106, 'Ressi Okta Puspa Sari', 'E521911075', 5, '2019', ''),
(107, 'Ronaldo Pranatha Ginting', 'E521911082', 5, '2019', ''),
(108, 'Rizki Ramadhan', 'E521911081', 5, '2019', ''),
(109, 'Rahmadona', 'E521911071', 5, '2019', ''),
(110, 'Abil Ash Buransa', 'D511911001', 1, '2019', ''),
(111, 'Fauzul Rahmat Sawir', 'D511911002', 1, '2019', ''),
(112, 'Garwin G', 'D511911003', 1, '2019', ''),
(113, 'Gea', 'D511911004', 1, '2019', ''),
(114, 'Gerit Saputra', 'D511911005', 1, '2019', ''),
(115, 'La Ode Upin', 'D511911006', 1, '2019', ''),
(116, 'Luthfy Nurhasan', 'D511911007', 1, '2019', ''),
(117, 'Ma\'ruf Husaeni', 'D511911008', 1, '2019', ''),
(118, 'Meisy Jevani Sirait', 'D511911009', 1, '2019', ''),
(119, 'Nur Laili Badriah', 'D511911010', 1, '2019', ''),
(120, 'Rizal Permadi', 'D511911011', 1, '2019', ''),
(121, 'Safar', 'D511911012', 1, '2019', ''),
(122, 'Teddi Izetra', 'D511911013', 1, '2019', ''),
(123, 'Zafal Maulana Sidil', 'D511911014', 1, '2019', ''),
(124, 'Angga Dimas Hardiansyah', 'D511921025', 1, '2019', ''),
(125, 'Arif Susanto', 'D511921026', 1, '2019', ''),
(126, 'Krysti Nur Agung', 'D511921027', 1, '2019', ''),
(127, 'Aditya Sukma Irawan', 'D321911001', 6, '2019', ''),
(128, 'Fajar Sidik Khaikal', 'D321911003', 6, '2019', ''),
(129, 'Maulana Eka Septiawan', 'D321911008', 6, '2019', ''),
(130, 'Maulana Tegar Purnama', 'D321911009', 6, '2019', ''),
(131, 'Muhammad Zharfan Zain', 'D321911011', 6, '2019', ''),
(132, 'Ramdhan Hasan Arif', 'D321911013', 6, '2019', ''),
(133, 'Rizki Perdana', 'D321911014', 6, '2019', ''),
(134, 'Abillillah Auliya Saefulloh', 'E211911001', 8, '2019', ''),
(135, 'Dani Ramdani', 'E211911002', 8, '2019', ''),
(136, 'Dian Hadiansyah Nugraha', 'E211911003', 8, '2019', ''),
(137, 'Fadli Irwansyah', 'E211911004', 8, '2019', ''),
(138, 'Fajar Yusuf Nugroho', 'E211911005', 8, '2019', ''),
(139, 'Fu\'ad Hariz Rosyadi', 'E211911006', 8, '2019', ''),
(140, 'Gilang Ahmad Faisal', 'E211911007', 8, '2019', ''),
(141, 'Ikhsan Rizkyansyah', 'E211911008', 8, '2019', ''),
(142, 'Marhimpu Lumbantoruan', 'E211911009', 8, '2019', ''),
(143, 'Moch Gumilar Setiawan', 'E211911010', 8, '2019', ''),
(144, 'Nur Fadhlillah Guna Wibawa', 'E211911011', 8, '2019', ''),
(145, 'Syahrul Dzulfikar Pramudya', 'E211911012', 8, '2019', ''),
(146, 'Yandi Bagas Putra', 'E211911013', 8, '2019', ''),
(147, 'Alarik Albaihaqi', 'D311911002', 6, '2019', ''),
(148, 'Aldi', 'D311911003', 6, '2019', ''),
(149, 'Aldi Alamsyah', 'D311911004', 6, '2019', ''),
(150, 'Andria Abdul Muis', 'D311911005', 6, '2019', ''),
(151, 'Arbiansyah Ramawadji', 'D311911006', 6, '2019', ''),
(152, 'Bhisma Ajuni Sutarna', 'D311911008', 6, '2019', ''),
(153, 'Cecep Andriyana', 'D311911009', 6, '2019', ''),
(154, 'Dwi Wanda Okto Saputra', 'D311911012', 6, '2019', ''),
(155, 'Farhan Maulana Fauzian', 'D311911013', 6, '2019', ''),
(156, 'Firdan Maulana', 'D311911015', 6, '2019', ''),
(157, 'Harry Mardani', 'D311911016', 6, '2019', ''),
(158, 'Ilham Mutaqin', 'D311911017', 6, '2019', ''),
(159, 'Mochamad Fachri Reza Heriawan', 'D311911022', 6, '2019', ''),
(160, 'Muhammad Reza Nurzaman', 'D311911025', 6, '2019', ''),
(161, 'Rafli Sultan Al Fikri', 'D311911027', 6, '2019', ''),
(162, 'Zulfajri', 'D311911035', 6, '2019', ''),
(163, 'Apri Fernando Simbolon', 'D311911046', 6, '2019', ''),
(164, 'Aldy Rizaldi', 'D311911047', 6, '2019', ''),
(165, 'Ari Permana Yuda', 'D311911048', 6, '2019', ''),
(166, 'Ario Jatmiko', 'D311911049', 6, '2019', ''),
(167, 'Cecep Indriansyah', 'D311911050', 6, '2019', ''),
(168, 'Fahmy Azhar', 'D311911051', 6, '2019', ''),
(169, 'Mahessa Eka Cahya Briliyan', 'D311911052', 6, '2019', ''),
(170, 'Mamun Gartiwa', 'D311911053', 6, '2019', ''),
(171, 'Muhammad Rivqi Nawawi', 'D311911054', 6, '2019', ''),
(172, 'Rafi Darajat', 'D311911055', 6, '2019', ''),
(173, 'Rahman', 'D311911056', 6, '2019', ''),
(174, 'Ryan Budiman Yusup', 'D311911057', 6, '2019', ''),
(175, 'Shohibul Ma\'ruf', 'D311911058', 6, '2019', ''),
(176, 'Tedy Syahril', 'D311911059', 6, '2019', ''),
(177, 'Muhamad Ira', 'D311911061', 6, '2019', ''),
(178, 'Yoga Syarifudin', 'D311911062', 6, '2019', ''),
(179, 'Imam Syaeful Rochman', 'E521911042', 5, '2019', ''),
(180, 'Muhammad Ichsan Ridho Setiadi Putra', 'D111911060', 3, '2019', ''),
(181, 'Mukhammad Ilham Ramdan', 'D111911064', 3, '2019', ''),
(182, 'Muhamad Luthfi', 'D111911057', 3, '2019', ''),
(183, 'Mochamad Reza Firmansyah', 'D111911056', 3, '2019', ''),
(184, 'M. Rizki Adriansah', 'D111911052', 3, '2019', ''),
(185, 'Muhammad Rizky Ramadhan', 'D111911063', 3, '2019', ''),
(186, 'Mohammad Kemaluddin Abdul Goni', 'D111911061', 3, '2019', ''),
(187, 'Randi Prakoso Wicaksono', 'D111911072', 3, '2019', ''),
(188, 'Rejeffry Maloraja Siahaan', 'D111911074', 3, '2019', ''),
(189, 'Reza Putra Nugraha', 'D111911077', 3, '2019', ''),
(190, 'Richard Hendrik Sikumbang', 'D111911078', 3, '2019', ''),
(191, 'Rifqi Nur Fauzi Ardiansyah', 'D111911079', 3, '2019', ''),
(192, 'Rizky Reza Pangestu', 'D111911085', 3, '2019', ''),
(193, 'Risti Pradwi Ningsih', 'D111911082', 3, '2019', ''),
(194, 'Rizal Faqih Ramadhan', 'D111911083', 3, '2019', ''),
(195, 'Robiul Sani', 'D111911086', 3, '2019', ''),
(196, 'Ruswandi Adhi Pratama', 'D111911087', 3, '2019', ''),
(197, 'Syifa Komara Danuwidjaya', 'D111911091', 3, '2019', ''),
(198, 'Taufik Ramdhani', 'D111911094', 3, '2019', ''),
(199, 'Taufik Nur Hidayat', 'D111911093', 3, '2019', ''),
(200, 'Trisna Budi Wicaksana', 'D111911095', 3, '2019', ''),
(201, 'Winda Adrianti', 'D111911099', 3, '2019', ''),
(202, 'Yuda Pratama Jabir', 'D111911100', 3, '2019', ''),
(203, 'Widy Rahma Putri', 'D111911098', 3, '2019', ''),
(204, 'Zafar Maulana Sidik', 'D111911101', 3, '2019', ''),
(205, 'Zildan Ahmad Mahbubi', 'D111911103', 3, '2019', ''),
(206, 'Ziyad El Berro', 'D111911104', 3, '2019', ''),
(207, 'Abdillah Raihan Azra', 'D111911002', 3, '2019', ''),
(208, 'Achmad Yusuf Subagja', 'D111911004', 3, '2019', ''),
(209, 'Adam Wildan', 'D111911005', 3, '2019', ''),
(210, 'Alsyahwallazi', 'D111911012', 3, '2019', ''),
(211, 'Alian Hakim', 'D111911010', 3, '2019', ''),
(212, 'A. Rafi Muhammad Sahid', 'D111911001', 3, '2019', ''),
(213, 'Aqmal Mulqy Bagja Laksana', 'D111911015', 3, '2019', ''),
(214, 'Atik Nurliana', 'D111911018', 3, '2019', ''),
(215, 'Bangun Chaerudin Anwar', 'D111911021', 3, '2019', ''),
(216, 'Datif Akmal Fauzan', 'D111911024', 3, '2019', ''),
(217, 'Dwika Cahya Febriana', 'D111911026', 3, '2019', ''),
(218, 'Ecep Achmad Sutisna', 'D111911027', 3, '2019', ''),
(219, 'Erke Jonathan', 'D111911028', 3, '2019', ''),
(220, 'Fachri Akmal Fauzi', 'D111911030', 3, '2019', ''),
(221, 'Fadly Fadilah Yusup', 'D111911031', 3, '2019', ''),
(222, 'Keny Kirana Wanaziana', 'D111911042', 3, '2019', ''),
(223, 'La Ode Muhammad Fitrah', 'D111911046', 3, '2019', ''),
(224, 'Fajar Aditya', 'D111911033', 3, '2019', ''),
(225, 'Firman Mardiyanto', 'D111911034', 3, '2019', ''),
(226, 'Hana Miratul Mar\'ah', 'D111911036', 3, '2019', ''),
(227, 'Indra Septiansyah', 'D111911039', 3, '2019', ''),
(228, 'Ilham Alfath', 'D111911037', 3, '2019', ''),
(229, 'Jian Nur Lutfiani', 'D111911040', 3, '2019', ''),
(230, 'Lanang Haqqy Purnama', 'D111911047', 3, '2019', ''),
(231, 'Lutfi Samsul Ma\'rif', 'D111911049', 3, '2019', ''),
(232, 'Sinta Octaviani Nur Cahyaningrum', 'E311911025', 4, '2019', ''),
(233, 'Muhammad Fachri Ramadhan', 'E311911020', 4, '2019', ''),
(234, 'Hasbi Nur Ichsan', 'E311911009', 4, '2019', ''),
(235, 'Ilham Aulia Kusumah', 'E311911012', 4, '2019', ''),
(236, 'Acep Andres', 'E311911001', 4, '2019', ''),
(237, 'Agisna Pamungkas Melga Maspura', 'E611911001', 10, '2019', ''),
(238, 'Aldi Ardiansyah', 'E311911002', 4, '2019', ''),
(239, 'Anggun Ayu Lestari', 'E311911003', 4, '2019', ''),
(240, 'Al Kautsar Devana Afni', 'E611911002', 10, '2019', ''),
(241, 'Achmad Arifin', 'E311911004', 4, '2019', ''),
(242, 'Chika Santika Nurathilla', 'E311911005', 4, '2019', ''),
(243, 'Dame Nia Siburian', 'E311911006', 4, '2019', ''),
(244, 'Despawana', 'E311911007', 4, '2019', ''),
(245, 'Eva Nurkholifah', 'E311911008', 4, '2019', ''),
(246, 'Jesica Maharuni', 'E311911010', 4, '2019', ''),
(247, 'Ashri Rahmawati', 'E611911003', 10, '2019', ''),
(248, 'Angga', 'E311911011', 4, '2019', ''),
(249, 'Kiki Ismaya', 'E311911016', 4, '2019', ''),
(250, 'Lucky Nul Hakim', 'E311911017', 4, '2019', ''),
(251, 'Muhammad Maulid Dzaki Fairuz Azzahra', 'E311911018', 4, '2019', ''),
(252, 'Muhamad Syamsul Mustopa', 'E311911019', 4, '2019', ''),
(253, 'Berta Khairun Nissa', 'E611911004', 10, '2019', ''),
(254, 'Muhammad Taufik', 'E311911021', 4, '2019', ''),
(255, 'Roby Arnando', 'E311911024', 4, '2019', ''),
(256, 'Syifa Azzahra Syailendra', 'E311911027', 4, '2019', ''),
(257, 'Dini Sania', 'E611911005', 10, '2019', ''),
(258, 'Mirra Amanda Syamsyyah', 'E611911006', 10, '2019', ''),
(259, 'Muhammad Faishal Firmansyah', 'E611911007', 10, '2019', ''),
(260, 'Reza Anugraha Septiawan', 'E611911008', 10, '2019', ''),
(261, 'Riska Indriani', 'E611911009', 10, '2019', ''),
(262, 'Slamet', 'E611911010', 10, '2019', ''),
(263, 'Tarmiji', 'E611911011', 10, '2019', ''),
(264, 'Yumna Meilana', 'E611911012', 10, '2019', ''),
(265, 'Adnan Hermawan', 'E711911001', 2, '2019', ''),
(266, 'Alya Tresvianty', 'E711911002', 2, '2019', ''),
(267, 'Ahmad Beryliumsyah ikmaluddin', 'D111911009', 3, '2019', ''),
(268, 'Alsa Nabila Nuraeni', 'D111911011', 3, '2019', ''),
(269, 'Bahrun Rohimul Umna', 'D111911020', 3, '2019', ''),
(270, 'Euis Hidayanti', 'D111911029', 3, '2019', ''),
(271, 'Galang Aljumarten', 'D111911035', 3, '2019', ''),
(272, 'Mahdani', 'D111911054', 3, '2019', ''),
(273, 'Muhammad Rifqi Rizqi Akbar', 'D111911062', 3, '2019', ''),
(274, 'Rio Pidiyanto', 'D111911080', 3, '2019', ''),
(275, 'Rizal Muhaimin', 'D111911084', 3, '2019', ''),
(276, 'Sipa Siti Saparoh Wahyuni', 'D111911088', 3, '2019', ''),
(277, 'Arlin Annisa Ramdaniah', 'E711911003', 2, '2019', ''),
(278, 'Somantri Nurjaman', 'D111911089', 3, '2019', ''),
(279, 'Surya Setia Alam', 'D111911090', 3, '2019', ''),
(280, 'Aulia Zajila', 'E711911004', 2, '2019', ''),
(281, 'Dini Sukmawati', 'D111911105', 3, '2019', ''),
(282, 'Fitra Algian Rusli', 'D111911106', 3, '2019', ''),
(283, 'Hamdan Zaelani', 'D111911107', 3, '2019', ''),
(284, 'Muhamad Muliadin', 'D111911109', 3, '2019', ''),
(285, 'Shelly Thami L', 'D111911110', 3, '2019', ''),
(286, 'Cecep Suryana', 'E711911005', 2, '2019', ''),
(287, 'Daffa Maulana Fauzan', 'E711911006', 2, '2019', ''),
(288, 'Adelia Salsabila Putri Pramudita', 'D111911006', 3, '2019', ''),
(289, 'Andi Ramdani', 'D111911014', 3, '2019', ''),
(290, 'Ariiq Mujahid Alfi', 'D111911016', 3, '2019', ''),
(291, 'Bahrin Rohimul Umna', 'D111911019', 3, '2019', ''),
(292, 'Cica Tiara', 'D111911023', 3, '2019', ''),
(293, 'Diah Nur Faridah Hidayat', 'E711911008', 2, '2019', ''),
(294, 'Dimas Agung Saputra', 'E711911009', 2, '2019', ''),
(295, 'M. Miftah Akramsyah', 'D111911045', 3, '2019', ''),
(296, 'Lutfi Ilza Fauzian', 'D111911048', 3, '2019', ''),
(297, 'M. Rizky Adrian', 'D111911053', 3, '2019', ''),
(298, 'Neisha Amelia', 'D111911065', 3, '2019', ''),
(299, 'Nurdin A. Alawiyah', 'D111911068', 3, '2019', ''),
(300, 'Rinandi Herdiana', 'D111911075', 3, '2019', ''),
(301, 'Revaldi Dwi Octavian', 'D111911076', 3, '2019', ''),
(302, 'Widi Fazriani', 'D111911097', 3, '2019', ''),
(303, 'Savira Yosita', 'D111911111', 3, '2019', ''),
(304, 'Dwi Novi Hermarini', 'E711911010', 2, '2019', ''),
(305, 'Friska Dwi Hardini', 'E711911011', 2, '2019', ''),
(306, 'Herawati', 'E711911013', 2, '2019', ''),
(307, 'Adniansyah', 'D111911007', 3, '2019', ''),
(308, 'Agung Himawan', 'D111911008', 3, '2019', ''),
(309, 'Asep Koswara', 'D111911017', 3, '2019', ''),
(310, 'Dian Rizki Pratama', 'D111911025', 3, '2019', ''),
(311, 'Indah Latifah', 'D111911038', 3, '2019', ''),
(312, 'M. Ikhsan Kurniawan', 'D111911051', 3, '2019', ''),
(313, 'Nicky Astria', 'D111911066', 3, '2019', ''),
(314, 'Padel Muhammad Alfarizzy', 'D111911069', 3, '2019', ''),
(315, 'Putri Sawitri', 'D111911070', 3, '2019', ''),
(316, 'Tasiroh', 'D111911092', 3, '2019', ''),
(317, 'Zikri Alamsyah', 'D111911102', 3, '2019', ''),
(318, 'Abdul Malik Fajar', 'D111911003', 3, '2019', ''),
(319, 'Ananda Syahdama Nasution', 'D111911013', 3, '2019', ''),
(320, 'Chandrika Kumara Tungga', 'D111911022', 3, '2019', ''),
(321, 'Fahri Ris Ramdhani', 'D111911032', 3, '2019', ''),
(322, 'Juan Alam Samsudin', 'D111911041', 3, '2019', ''),
(323, 'Masfiah', 'E711911014', 2, '2019', ''),
(324, 'Koko Putra Yono', 'D111911044', 3, '2019', ''),
(325, 'Luthfi Rizal Nul Fataa', 'D111911050', 3, '2019', ''),
(326, 'Muhamad Sopian Pratama', 'D111911058', 3, '2019', ''),
(327, 'Moh. Fadhur Setiyawan', 'E711911015', 2, '2019', ''),
(328, 'Muhammad Habibi', 'D111911059', 3, '2019', ''),
(329, 'Nur Febi Fitriani', 'D111911067', 3, '2019', ''),
(330, 'Regi Warlinardi', 'D111911073', 3, '2019', ''),
(331, 'Riska Putri Mulyana', 'D111911081', 3, '2019', ''),
(332, 'Wawan Setiawan', 'D111911096', 3, '2019', ''),
(333, 'Nadila Apriliani', 'E711911016', 2, '2019', ''),
(334, 'Nawira Qalbina Salim Alhadar', 'E711911017', 2, '2019', ''),
(335, 'Nurul Ulfa Hasanah', 'E711911018', 2, '2019', ''),
(336, 'Reza Ainunnisa', 'E711911019', 2, '2019', ''),
(337, 'Rina Indriyani', 'E711911020', 2, '2019', ''),
(338, 'Romli Darusalam', 'E711911021', 2, '2019', ''),
(339, 'Shintya Putri Rahayu', 'E711911022', 2, '2019', ''),
(340, 'Siti Amizah Buransa', 'E711911023', 2, '2019', ''),
(341, 'Syifa ul Alia', 'E711911025', 2, '2019', ''),
(342, 'Tri Suci Ramadhani', 'E711911026', 2, '2019', ''),
(343, 'Utami Dwi Lestari', 'E711911027', 2, '2019', ''),
(344, 'Wa Jelina', 'E711911028', 2, '2019', ''),
(345, 'Wahid Wahyu Hidayat', 'E711911029', 2, '2019', ''),
(346, 'Yullia Nur Fauziah', 'E711911030', 2, '2019', ''),
(347, 'Alwi Zaki', 'E711911031', 2, '2019', ''),
(348, 'Aulia Khairunnisa', 'E711911033', 2, '2019', ''),
(349, 'Azza Ilfana', 'E711911034', 2, '2019', ''),
(350, 'Chatriya Maulana Ibrahim', 'E711911035', 2, '2019', ''),
(351, 'Dewi Sri Rahayu', 'E711911037', 2, '2019', ''),
(352, 'Dian Mulyawati', 'E711911038', 2, '2019', ''),
(353, 'Dira Canitra Cartiwa', 'E711911039', 2, '2019', ''),
(354, 'Feby Tri Andini', 'E711911040', 2, '2019', ''),
(355, 'Fury Try Lestary', 'E711911041', 2, '2019', ''),
(356, 'Halimatus Sadiyah', 'E711911042', 2, '2019', ''),
(357, 'Mahaditha Laela Putri Prawiranegara', 'E711911043', 2, '2019', ''),
(358, 'Meli Santika', 'E711911044', 2, '2019', ''),
(359, 'Mustika Wafiq Muhtar', 'E711911045', 2, '2019', ''),
(360, 'Narisya Nur Intan Paba', 'E711911046', 2, '2019', ''),
(361, 'Nurul Aulia Anwar', 'E711911047', 2, '2019', ''),
(362, 'Regina Nurkaspita Dewi', 'E711911048', 2, '2019', ''),
(363, 'Rianti Meylinda', 'E711911049', 2, '2019', ''),
(364, 'Rizaldi Muhammad Ramdhani', 'E711911050', 2, '2019', ''),
(365, 'Shaherti Nisa Karomah', 'E711911051', 2, '2019', ''),
(366, 'Silvia Suciawati', 'E711911052', 2, '2019', ''),
(367, 'Siti Fais Zatul Manggofiro', 'E711911053', 2, '2019', ''),
(368, 'Rendi Rustendi', 'E711911054', 2, '2019', ''),
(369, 'Tiara Sekar Diva', 'E711911055', 2, '2019', ''),
(370, 'Triulandari Indah Pratiwi', 'E711911056', 2, '2019', ''),
(371, 'Vina Agustin', 'E711911057', 2, '2019', ''),
(372, 'Wa Ode Yayu', 'E711911058', 2, '2019', ''),
(373, 'Wahyu Muhamad Adam', 'E711911059', 2, '2019', ''),
(374, 'Amelia Augustin Restu Varentha', 'E711921065', 2, '2019', ''),
(375, 'Bayu Wibowo', 'E711921066', 2, '2019', ''),
(376, 'Gilang Rahmat Permana', 'E711921067', 2, '2019', ''),
(377, 'R.A Melia Sri Aryanti', 'E711921068', 2, '2019', ''),
(378, 'Reyhan Fasfa Rizky', 'E711921069', 2, '2019', ''),
(379, 'Sumarna', 'E711921070', 2, '2019', ''),
(380, 'Susan Yuningsih', 'E711921071', 2, '2019', ''),
(381, 'Widya Fitriyani DW', 'E711921072', 2, '2019', ''),
(382, 'Abdul Hakim Anugrah G', 'E411911001', 9, '2019', ''),
(383, 'Agustian Fajar', 'E411911002', 9, '2019', ''),
(384, 'Amar Ma\'ruf Nahi Munkar', 'D111921120', 3, '2019', ''),
(385, 'Arundina Andhika', 'E411911003', 9, '2019', ''),
(386, 'Asep Hidayat', 'D111921121', 3, '2019', ''),
(387, 'Akhmad Muhidin', 'D111921122', 3, '2019', ''),
(388, 'Fajar Rahmat Naryana', 'E411911004', 9, '2019', ''),
(389, 'Harbie Legawa', 'E411911005', 9, '2019', ''),
(390, 'Devi Oktaviani', 'D111921123', 3, '2019', ''),
(391, 'Muhamad Farhan Reynaldi', 'E411911006', 9, '2019', ''),
(392, 'Maulana Akhsan', 'D111921124', 3, '2019', ''),
(393, 'Moch. Firas Al Faris', 'D111921125', 3, '2019', ''),
(394, 'Toby Rivael Simamora', 'E411911007', 9, '2019', ''),
(395, 'Mochamad Iqbal', 'D111921126', 3, '2019', ''),
(396, 'Wiki Suprayogi', 'E411911008', 9, '2019', ''),
(397, 'Muhammad Fauzan Hilmi', 'D111921127', 3, '2019', ''),
(398, 'Pramudhitya Rizky Muhammad Fawzie', 'D111921128', 3, '2019', ''),
(399, 'Rifqi Riza Irfansyah', 'D111921129', 3, '2019', ''),
(400, 'Rizky Dwi Agustiyanto', 'D111921130', 3, '2019', ''),
(401, 'Sidik Pratama', 'D111921131', 3, '2019', ''),
(402, 'Siti Rosita', 'D111921132', 3, '2019', ''),
(403, 'Angga Direksa', 'E411921030', 9, '2019', ''),
(404, 'Wildan Miftahudin', 'D111921135', 3, '2019', ''),
(405, 'Taufik Hidayat', 'D111921133', 3, '2019', ''),
(406, 'Risman Permana', 'D111921134', 3, '2019', ''),
(407, 'Adji Muhaemin Zhuhud', 'E411921031', 9, '2019', ''),
(408, 'Eriawan Hidayat', 'D111921136', 3, '2019', ''),
(409, 'Hilmi Wildanul', 'D111921137', 3, '2019', ''),
(410, 'Mochamad Ilham Lutfi', 'D111921138', 3, '2019', ''),
(411, 'Arjun Ibrahim', 'E411921032', 9, '2019', ''),
(412, 'Elan Taufik Maulana', 'E411921033', 9, '2019', ''),
(413, 'Firgi Maulana', 'E411921034', 9, '2019', ''),
(414, 'Gilang Ramdani', 'E411921035', 9, '2019', ''),
(415, 'Kunkun Muhamad Nurohman', 'E411921037', 9, '2019', ''),
(416, 'Muhammad Iqbal Pratama Putra', 'E411921038', 9, '2019', ''),
(417, 'Citra Gita Dewi L.', 'D121911140', 2, '2019', ''),
(418, 'Mochammad Nurhuda', 'E411921039', 9, '2019', ''),
(419, 'Yudi Gunawan', 'D121911153', 2, '2019', ''),
(420, 'Rahmadi', 'D121911150', 2, '2019', ''),
(421, 'Rizky Noviandini', 'D121911151', 2, '2019', ''),
(422, 'Putri Mawarwati', 'D121911149', 2, '2019', ''),
(423, 'Nurdin Oktari', 'D121911147', 2, '2019', ''),
(424, 'Monika Sujana Lestari', 'E411921040', 9, '2019', ''),
(425, 'Muhammad Nopriansyah Rizki', 'D121911146', 2, '2019', ''),
(426, 'M. Aidil Fitriansyah', 'D121911145', 2, '2019', ''),
(427, 'Kurnia Gusti Ramadan', 'D121911142', 2, '2019', ''),
(428, 'Muchammad Baharudin', 'E411921041', 9, '2019', ''),
(429, 'Muhamad Aldi Baehaqi', 'E411921042', 9, '2019', ''),
(430, 'Firda Astri Faizati', 'D121911141', 2, '2019', ''),
(431, 'L.M. Risal', 'D121911143', 2, '2019', ''),
(432, 'Laurentia Yuniati Sareng', 'D121911144', 2, '2019', ''),
(433, 'Putri Ayu Lestari', 'D121911148', 2, '2019', ''),
(434, 'Muhamad Fadly Maulana', 'E411921043', 9, '2019', ''),
(435, 'Salma Thania Budianie', 'D121911152', 2, '2019', ''),
(436, 'Yulia Oktasa', 'D121911154', 2, '2019', ''),
(437, 'Rinaldi', 'E411921044', 9, '2019', ''),
(438, 'Rizaldi Kurniawan', 'E411921045', 9, '2019', ''),
(439, 'Syuhud Sujudi Nur Ihsan', 'E411921046', 9, '2019', ''),
(440, 'Yoga Pratama', 'E411921047', 9, '2019', ''),
(441, 'Fajar Fauzan', 'E411921048', 9, '2019', ''),
(442, 'Adam Akbar Syafe\'i', 'D411911002', 12, '2019', ''),
(443, 'Agis Saepul Makmur', 'D411911003', 12, '2019', ''),
(444, 'Dendra Gunawan Saputra', 'D411911004', 12, '2019', ''),
(445, 'Ari Bahtiar', 'D411911005', 12, '2019', ''),
(446, 'Arwandi', 'D411911006', 12, '2019', ''),
(447, 'Fadhil Fauzan', 'D411911007', 12, '2019', ''),
(448, 'Asya Novianti Pratiwi Setiawan', 'E111911001', 7, '2019', ''),
(449, 'Cecep Bagas Hidayatulloh', 'E111911002', 7, '2019', ''),
(450, 'Faris Khoiri Wahyudin', 'D411911008', 12, '2019', ''),
(451, 'Dimas Dwi Nuchahyo', 'E111911003', 7, '2019', ''),
(452, 'Dipa Karunia Pranadewi', 'E111911004', 7, '2019', ''),
(453, 'Dipa Nuriyansyah', 'E111911005', 7, '2019', ''),
(454, 'Fattaahku Muhammad Rossi', 'D411911009', 12, '2019', ''),
(455, 'Ghina Andika Rahmat', 'E111911006', 7, '2019', ''),
(456, 'Hitna Dewi', 'E111911008', 7, '2019', ''),
(457, 'Gilang Ahmad Mutaqin', 'D411911010', 12, '2019', ''),
(458, 'Mochamad Ilham Nurochman', 'E111911009', 7, '2019', ''),
(459, 'Jajuliana', 'D411911011', 12, '2019', ''),
(460, 'Nur Fauzi', 'E111911010', 7, '2019', ''),
(461, 'Kusna Ervan Sanjaya', 'D411911012', 12, '2019', ''),
(462, 'Rina Oktaviani', 'E111911011', 7, '2019', ''),
(463, 'Riska Novianti', 'E111911012', 7, '2019', ''),
(464, 'Sabrina Sahri Rahmadayanti', 'E111911013', 7, '2019', ''),
(465, 'Sani Wahidiani', 'E111911014', 7, '2019', ''),
(466, 'Syahrul Khoerudin', 'E111911016', 7, '2019', ''),
(467, 'Mochamad Nur Akbar Al Hadi', 'D411911013', 12, '2019', ''),
(468, 'Sinta Rospita Sari', 'E111911015', 7, '2019', ''),
(469, 'Muhamad Deriyana Mufid Nugraha', 'D411911014', 12, '2019', ''),
(470, 'Muhammad Ikhsan Faturachman', 'D411911001', 12, '2019', ''),
(471, 'Muhammad Ikhsan Faturachman', 'D411911015', 12, '2019', ''),
(472, 'Muhammad David Pratama', 'D411911016', 12, '2019', ''),
(473, 'Muhammad Faris Mujahid', 'D411911017', 12, '2019', ''),
(474, 'Muhammad Syahiir', 'D411911018', 12, '2019', ''),
(475, 'Rangga Nurwanto', 'D411911020', 12, '2019', ''),
(476, 'Renal Fadilah', 'D411911021', 12, '2019', ''),
(477, 'Ryan Ramdani', 'D411911022', 12, '2019', ''),
(478, 'Silvia Citra Ananda', 'D411911023', 12, '2019', ''),
(479, 'Siti Robiatul Adawiyah', 'D411911024', 12, '2019', ''),
(480, 'Yudistira', 'D411911025', 12, '2019', ''),
(481, 'Jesshy Febiyani', 'D211921101', 11, '2019', ''),
(482, 'Zulfikar Ali Akbar', 'D411911026', 12, '2019', ''),
(483, 'Tsaniya Nurul Fitriani', 'D211911072', 11, '2019', ''),
(484, 'Titin Kurnia', 'D211911071', 11, '2019', ''),
(485, 'Tita Maida Sari', 'D211911070', 11, '2019', ''),
(486, 'Teguh Mahendra', 'D211911066', 11, '2019', ''),
(487, 'Tasya Amelia Puspasari', 'D211921100', 11, '2019', ''),
(488, 'Siti Sopira Aulia Rohmah', 'D211911064', 11, '2019', ''),
(489, 'Siti Hadiana Pratiwi', 'D211911062', 11, '2019', ''),
(490, 'Sita Azka Fibri Firdaus', 'D211911060', 11, '2019', ''),
(491, 'Santika Oktaviolia Sandi', 'D211921099', 11, '2019', ''),
(492, 'Rosyid Rusdiyanto', 'D211921098', 11, '2019', ''),
(493, 'Risti Oktavia', 'D211911056', 11, '2019', ''),
(494, 'Riska Permata Sari', 'D211911054', 11, '2019', ''),
(495, 'Muhammad Taufik Hidayat', 'D211911045', 11, '2019', ''),
(496, 'Muhammad Rafli Alif', 'D211911043', 11, '2019', ''),
(497, 'Muhammad Fachrul Azam', 'D211911040', 11, '2019', ''),
(498, 'Heri Intan Agusetiowati', 'D211921096', 11, '2019', ''),
(499, 'Ismi Siti Nur Fatchiyah', 'D211911036', 11, '2019', ''),
(500, 'Intan Tarisa Septiani', 'D211911035', 11, '2019', ''),
(501, 'Imas Cahyati', 'D211911032', 11, '2019', ''),
(502, 'Hildan Zaelani Yulianto', 'D211911029', 11, '2019', ''),
(503, 'Ikhwan Abdilla Putra Sugiarto', 'D211911031', 11, '2019', ''),
(504, 'Fadhilah Rahman', 'D211911022', 11, '2019', ''),
(505, 'Ely Lorenza Br Surbakti', 'D211911020', 11, '2019', ''),
(506, 'Dede Surya Rizki', 'D211911017', 11, '2019', ''),
(507, 'Astrio Anan Dulhaji', 'D211911014', 11, '2019', ''),
(508, 'Audy Atirah', 'D211911015', 11, '2019', ''),
(509, 'Arif Rahman Hakim', 'D211911011', 11, '2019', ''),
(510, 'Annisa Dwiyanti', 'D211911008', 11, '2019', ''),
(511, 'Ami Nuraeni', 'D211921095', 11, '2019', ''),
(512, 'Amalia Nur Fauziah', 'D211911006', 11, '2019', ''),
(513, 'Akbar Sudiana', 'D211911004', 11, '2019', ''),
(514, 'Rizky Dony Rasyid', 'D211911025', 11, '2019', ''),
(515, 'Hias Fitriani Tilawah', 'D211911028', 11, '2019', ''),
(516, 'Muhammad Taufik Hidayat', 'D211921097', 11, '2019', ''),
(517, 'Adhitya Pratama', 'D411911029', 12, '2019', ''),
(518, 'Akbar Setiawan', 'D411911032', 12, '2019', ''),
(519, 'Fajrian Nanda Dwi Rezky', 'D411911036', 12, '2019', ''),
(520, 'Irwanto Maulana', 'D411911040', 12, '2019', ''),
(521, 'Moch Hifky', 'D411911042', 12, '2019', ''),
(522, 'Muhamad Rasidin', 'D411911044', 12, '2019', ''),
(523, 'Rangga Permana', 'D411911048', 12, '2019', ''),
(524, 'Randi Febri Setiana', 'D411911047', 12, '2019', ''),
(525, 'Sultan Hanif Pradana', 'D411911052', 12, '2019', ''),
(526, 'Aji Septaji', 'D411911031', 12, '2019', ''),
(527, 'Aldi Prasetyo', 'D411911033', 12, '2019', ''),
(528, 'Alinurdin Juniardi', 'D411911034', 12, '2019', ''),
(529, 'Hamdan Abdilah Muthi', 'D411911037', 12, '2019', ''),
(530, 'Ilham', 'D411911038', 12, '2019', ''),
(531, 'Irwan Hardiansyah', 'D411911039', 12, '2019', ''),
(532, 'Mahmudin Yusup', 'D411911041', 12, '2019', ''),
(533, 'Putri Mariana Caresta', 'D411911046', 12, '2019', ''),
(534, 'Ridwan', 'D411911049', 12, '2019', ''),
(535, 'Rifal Ulumudin Jumhur', 'D411911050', 12, '2019', ''),
(536, 'Sabihisma Robby Yusra', 'D411911051', 12, '2019', ''),
(537, 'Tazkya Aulia Rahmah', 'D411911053', 12, '2019', ''),
(538, 'Zahra Zakiyannisa', 'D411911054', 12, '2019', ''),
(539, 'Riki Sutanto', 'D411911055', 12, '2019', ''),
(540, 'Herdian Maulana', 'D411911056', 12, '2019', ''),
(541, 'Aditya Pratama', 'D411921060', 12, '2019', ''),
(542, 'Andriana Syahrullah Darmawan', 'D411921061', 12, '2019', ''),
(543, 'Fathan Mubina', 'D411921062', 12, '2019', ''),
(544, 'Handoko Muji Prabowo', 'D411921063', 12, '2019', ''),
(545, 'Muhamad Fauzi Nursafa\'ad', 'D411921064', 12, '2019', ''),
(546, 'Mochamad Bobby Rustyadi', 'D411921065', 12, '2019', ''),
(547, 'Mohamad Rifki Rabani', 'D411921066', 12, '2019', ''),
(548, 'Sukma Maulana', 'D411921068', 12, '2019', ''),
(549, 'Ragil Faiq Nauval Rizqillah', 'D411921067', 12, '2019', ''),
(550, 'Adinda Putri Khairunisa', 'D211911001', 11, '2019', ''),
(551, 'Asep Ahmad Alawi', 'D211911013', 11, '2019', ''),
(552, 'Devi Risdayanti', 'D211911018', 11, '2019', ''),
(553, 'Fitriyani', 'D211911024', 11, '2019', ''),
(554, 'Hestiawati', 'D211911027', 11, '2019', ''),
(555, 'Ludini Sri Rahayu', 'D211911037', 11, '2019', ''),
(556, 'Mita Sofiana', 'D211911039', 11, '2019', ''),
(557, 'Muhammad Rizki Raidan', 'D211911044', 11, '2019', ''),
(558, 'Nadiawati', 'D211911046', 11, '2019', ''),
(559, 'Shara Syifa Salsabila', 'D211911050', 11, '2019', ''),
(560, 'Revina Adila Fitriani', 'D211911052', 11, '2019', ''),
(561, 'Risma Saragina', 'D211911055', 11, '2019', ''),
(562, 'Rosa Wizdan', 'D211911058', 11, '2019', ''),
(563, 'Siti Fatimah Nataresmi', 'D211911061', 11, '2019', ''),
(564, 'Sofy Saesarani', 'D211911065', 11, '2019', ''),
(565, 'Tiara Asya Ardhani', 'D211911068', 11, '2019', ''),
(566, 'Ulfiarti', 'D211911073', 11, '2019', ''),
(567, 'Wa Yusna', 'D211911075', 11, '2019', ''),
(568, 'Wina Anggraeni', 'D211911077', 11, '2019', ''),
(569, 'Yesih', 'D211911079', 11, '2019', ''),
(570, 'Zulfa Sita Nur Kamilah', 'D211911081', 11, '2019', ''),
(571, 'Agnes Siti Kulsum', 'D211911002', 11, '2019', ''),
(572, 'Alfiatul Azhar', 'D211911005', 11, '2019', ''),
(573, 'Apni Apriani Pridana', 'D211911009', 11, '2019', ''),
(574, 'Aris Marlinton', 'D211911012', 11, '2019', ''),
(575, 'Ayu Wandini Casmining Puri', 'D211911016', 11, '2019', ''),
(576, 'Dwi Ningrum Anggraeni', 'D211911019', 11, '2019', ''),
(577, 'Faturrahman Mohammad Qori', 'D211911023', 11, '2019', ''),
(578, 'Hufiani', 'D211911030', 11, '2019', ''),
(579, 'Maya Eka Prihatiningsih', 'D211911034', 11, '2019', ''),
(580, 'Mathori Abdurrahman', 'D211911038', 11, '2019', ''),
(581, 'Muhammad Lukman Sudrajat', 'D211911041', 11, '2019', ''),
(582, 'Muhammad Milzam Al-haq', 'D211911042', 11, '2019', ''),
(583, 'Nisa Oktavia', 'D211911047', 11, '2019', ''),
(584, 'Rika Nurtiyana', 'D211911053', 11, '2019', ''),
(585, 'Risman Hardi Rustandi', 'D211911057', 11, '2019', ''),
(586, 'Siti Rohmawati', 'D211911063', 11, '2019', ''),
(587, 'Tenny Pratiwi', 'D211911067', 11, '2019', ''),
(588, 'Tita Indriyani', 'D211911069', 11, '2019', ''),
(589, 'Vina Rahayu', 'D211911074', 11, '2019', ''),
(590, 'Winda Priyani', 'D211911078', 11, '2019', ''),
(591, 'Yola Regina Novalitha', 'D211911080', 11, '2019', ''),
(592, 'Yoga Putra Pangestu', 'E521911093', 5, '2019', ''),
(593, 'Ibrahim', 'D111911112', 3, '2019', ''),
(594, 'Ahmad Hasan Mudzakir', 'D311911045', 6, '2019', ''),
(595, 'David Andriansyah', 'D311911060', 6, '2019', ''),
(596, 'Baim Pratama', 'D311911007', 6, '2019', ''),
(597, 'Chellysia Virelda Putri', 'D311911010', 6, '2019', ''),
(598, 'Deo Fandy', 'D311911011', 6, '2019', ''),
(599, 'Fauzan Alqodari', 'D311911014', 6, '2019', ''),
(600, 'Kelvin Aldino Wijaya', 'D311911018', 6, '2019', ''),
(601, 'Adis Mochamad Furqaan Nugroho', 'D311911019', 6, '2019', ''),
(602, 'Maya Andinie', 'D311911020', 6, '2019', ''),
(603, 'Meisani Anggraeni Rizki', 'D311911021', 6, '2019', ''),
(604, 'Muhammad Farhan', 'D311911023', 6, '2019', ''),
(605, 'Muhammad Kisan Basyari', 'D311911024', 6, '2019', ''),
(606, 'Muhammad Reza Setiawan', 'D311911026', 6, '2019', ''),
(607, 'Fuji Pertiwi', 'D311911028', 6, '2019', ''),
(608, 'Rida Rahmawati', 'D311911029', 6, '2019', ''),
(609, 'Rifqi Marjuki', 'D311911030', 6, '2019', ''),
(610, 'Slamet Riyadi', 'D311911031', 6, '2019', ''),
(611, 'Suryanto', 'D311911032', 6, '2019', ''),
(612, 'Wakil Ismilliazar Putra', 'D311911033', 6, '2019', ''),
(613, 'Fatima Tuzzahro', 'D321911004', 6, '2019', ''),
(614, 'Ilham Ardiansyah Kurnia Saprudin', 'D321911006', 6, '2019', ''),
(615, 'Lovenia Hellena A.D.', 'D321911007', 6, '2019', ''),
(616, 'Muhamad Iqbal', 'D321911010', 6, '2019', ''),
(617, 'Nandang Nurhidayat', 'D321911012', 6, '2019', ''),
(618, 'Salman Alfarizy', 'D321911015', 6, '2019', ''),
(619, 'Silmi Mawali Mualim', 'D321911016', 6, '2019', ''),
(620, 'Siti Halimah', 'D321911017', 6, '2019', ''),
(621, 'Yoga Aditama Darmawan', 'D321911018', 6, '2019', ''),
(622, 'Yuli Astutiana', 'D321911019', 6, '2019', ''),
(623, 'Firqi Arfiyan Adha', 'D511911015', 1, '2019', ''),
(624, 'Muh. Ziarwin', 'E521911056', 5, '2019', ''),
(625, 'Rian', 'E521911076', 5, '2019', ''),
(626, 'Joshua Simangunsong', 'E521911096', 5, '2019', ''),
(627, 'Dimas Wahyu Purnama', 'E521911026', 5, '2019', ''),
(628, 'Akhmad Farhan', 'E521911005', 5, '2019', ''),
(629, 'Muhammad Rizal Nurohman', 'E521911095', 5, '2019', ''),
(630, 'Isa Istito\'ah', 'E311911028', 4, '2019', ''),
(631, 'Khairul M.Nasir', 'D111921139', 3, '2019', ''),
(632, 'Agung Rahmatul K.H.', 'D111911142', 3, '2019', ''),
(633, 'Alfin Rizki', 'D111911143', 3, '2019', ''),
(634, 'Ari M. Setiawan', 'D111911144', 3, '2019', ''),
(635, 'Asep Dimas Sabilillah', 'D111911145', 3, '2019', ''),
(636, 'Bulan Maulida Islami', 'D111911146', 3, '2019', ''),
(637, 'Deden Yogi Sumpena', 'D111911147', 3, '2019', ''),
(638, 'Diky Juliadi', 'D111911148', 3, '2019', ''),
(639, 'Dini Juwita H.', 'D111911149', 3, '2019', ''),
(640, 'Duvan Anwari', 'D111911150', 3, '2019', ''),
(641, 'Egi Priadi Pratama', 'D111911151', 3, '2019', ''),
(642, 'Evi Samsudin', 'D111911152', 3, '2019', ''),
(643, 'Fitriani Agustina', 'D111911153', 3, '2019', ''),
(644, 'Gustyan Hidayat', 'D111911154', 3, '2019', ''),
(645, 'Halbiansyah', 'D111911155', 3, '2019', ''),
(646, 'Hari Nispu Munandar', 'D111911156', 3, '2019', ''),
(647, 'Hasni Saniah', 'D111911157', 3, '2019', ''),
(648, 'Jeni Mulyana', 'D111911158', 3, '2019', ''),
(649, 'Muhammad Farhan', 'D111911159', 3, '2019', ''),
(650, 'Muhamad Yusup Ahmad Patoni', 'D111911160', 3, '2019', ''),
(651, 'Neng Susilawati', 'D111911161', 3, '2019', ''),
(652, 'Ovi Taufiq Rashydi', 'D111911162', 3, '2019', ''),
(653, 'Riana Siti Nur Ainun', 'D111911163', 3, '2019', ''),
(654, 'Rina Siti Mariam', 'D111911164', 3, '2019', ''),
(655, 'Roni Abdur Rohim', 'D111911165', 3, '2019', ''),
(656, 'Ulfa Nurhasanah', 'D111911166', 3, '2019', ''),
(657, 'Winangsih', 'D111911167', 3, '2019', ''),
(658, 'Yayas Nabiah', 'D111911168', 3, '2019', ''),
(659, 'Yudo Vidiasyah', 'D111911169', 3, '2019', ''),
(660, 'Yulani', 'D111911170', 3, '2019', ''),
(661, 'Yuliantini', 'D111911171', 3, '2019', ''),
(662, 'Ade Mahadiansyah', 'E312011001', 4, '2020', ''),
(663, 'Aldiofel Gamaliel', 'E312011003', 4, '2020', ''),
(664, 'Alien Nuraeni', 'E312011004', 4, '2020', ''),
(665, 'Ana Yuliana', 'E312011005', 4, '2020', ''),
(666, 'Indra Gunawan', 'E312011006', 4, '2020', ''),
(667, 'Juan Akbar Indrian', 'E312011007', 4, '2020', ''),
(668, 'Muhamad', 'E312011008', 4, '2020', ''),
(669, 'Muhammad Alfi Sentana', 'E312011009', 4, '2020', ''),
(670, 'Muhammad Satrio Bawono Aji', 'E312011011', 4, '2020', ''),
(671, 'Muhammad Yusuf Gunawan', 'E312011012', 4, '2020', ''),
(672, 'Nurlatifah', 'E312011013', 4, '2020', ''),
(673, 'Rizki Anggara', 'E312011014', 4, '2020', ''),
(674, 'Surya Putra', 'E312011015', 4, '2020', ''),
(675, 'Titi Noviyanti', 'E312011016', 4, '2020', ''),
(676, 'Wahyu Nurhakim Nst', 'E312011017', 4, '2020', ''),
(677, 'Yoga Mulya Kusuma', 'E312011018', 4, '2020', ''),
(678, 'Zaenal Abidin Abdilah', 'E312011019', 4, '2020', ''),
(679, 'Abdullah Fatah Umar', 'E312011020', 4, '2020', ''),
(680, 'Berlian Septiani', 'E312011021', 4, '2020', ''),
(681, 'Ella Resti Cahyani', 'E312011022', 4, '2020', ''),
(682, 'Junaedi Purnawan', 'E312011023', 4, '2020', ''),
(683, 'Maulana Fadjar Siddiq', 'E312011024', 4, '2020', ''),
(684, 'Mochamad Derrialdi Saputra', 'E312011025', 4, '2020', ''),
(685, 'Muhamad Azizy', 'E312011026', 4, '2020', ''),
(686, 'Panji Bayu Baskoro', 'E312011027', 4, '2020', ''),
(687, 'Rifat Ahmad Budiman', 'E312011028', 4, '2020', ''),
(688, 'Rifqi Anugrah', 'E312011029', 4, '2020', ''),
(689, 'Rinaldi Rizky Fauzan', 'E312011030', 4, '2020', ''),
(690, 'Sri Delvi Rahmawati', 'E312011031', 4, '2020', ''),
(691, 'Wiluthfiazmi Allaudin', 'E312011032', 4, '2020', ''),
(692, 'Alip Bagja Nur Ilahi', 'E112011001', 7, '2020', ''),
(693, 'Amelia Rizky Maulani', 'E112011002', 7, '2020', ''),
(694, 'Annida Hidayat Ningsih', 'E112011003', 7, '2020', ''),
(695, 'Annisa Hidayat Ningsih', 'E112011004', 7, '2020', ''),
(696, 'Aprilia Nuraeni', 'E112011005', 7, '2020', ''),
(697, 'Aprilia Safitri', 'E112011006', 7, '2020', ''),
(698, 'Asnawati Laia', 'E112011007', 7, '2020', ''),
(699, 'Birgita Wasti Peronika Naibaho', 'E112011008', 7, '2020', ''),
(700, 'Farida Nur Oktaviyanto', 'E112011009', 7, '2020', ''),
(701, 'Fitri Nuraeni', 'E112011010', 7, '2020', ''),
(702, 'Khotijah Gusmawarni', 'E112011011', 7, '2020', ''),
(703, 'Muhamad Rhevi', 'E112011012', 7, '2020', ''),
(704, 'Okvi Pinasih', 'E112011013', 7, '2020', ''),
(705, 'Rendi Firmansyah', 'E112011014', 7, '2020', ''),
(706, 'Rizki Abdul Azis Muslim', 'E112011015', 7, '2020', ''),
(707, 'Salma Fauziah', 'E112011016', 7, '2020', ''),
(708, 'Sandi Gunawan', 'E112011017', 7, '2020', ''),
(709, 'Shelya Putri Wiyoga', 'E112011018', 7, '2020', ''),
(710, 'Sidik Diansyah Ramadhan', 'E112011019', 7, '2020', ''),
(711, 'Sintia Rahmawati', 'E112011020', 7, '2020', ''),
(712, 'Siti Latipah', 'E112011021', 7, '2020', ''),
(713, 'Viki Nurhaliza', 'E112011023', 7, '2020', ''),
(714, 'Alisa Cahya', 'E112011024', 7, '2020', ''),
(715, 'Annis Widya Zahra', 'E112011025', 7, '2020', ''),
(716, 'Eggy Richki Amalia', 'E112011026', 7, '2020', ''),
(717, 'Ghaida Lutfiah Rahmat', 'E112011027', 7, '2020', ''),
(718, 'Gisella Putri Sukmawati', 'E112011028', 7, '2020', ''),
(719, 'Maria Claudia Lamury', 'E112011029', 7, '2020', ''),
(720, 'Marita Fajar Muttaqin', 'E112011030', 7, '2020', ''),
(721, 'Muhammad Fadhilah Noor Fajar', 'E112011031', 7, '2020', ''),
(722, 'Putri Nuraini', 'E112011032', 7, '2020', ''),
(723, 'Riani Nurizky', 'E112011033', 7, '2020', ''),
(724, 'Rizki Ramdhani', 'E112011034', 7, '2020', ''),
(725, 'Sephia Putri Ayudithia', 'E112011035', 7, '2020', ''),
(726, 'Siti Rina Oktaviana', 'E112011036', 7, '2020', ''),
(727, 'Ummu Putri Sahidah', 'E112011037', 7, '2020', ''),
(728, 'Yuliana Arianti', 'E112011038', 7, '2020', ''),
(729, 'Dinda Saputri', 'E112011040', 7, '2020', ''),
(730, 'Edi Saputra', 'E212011001', 8, '2020', ''),
(731, 'Ferry Mahalio Sudadi', 'E212011002', 8, '2020', ''),
(732, 'Irfan Kurnia', 'E212011003', 8, '2020', ''),
(733, 'Kiki Julkifli', 'E212011004', 8, '2020', ''),
(734, 'Luki Hermawan', 'E212011005', 8, '2020', ''),
(735, 'M.Rafli Abdul Hakim', 'E212011006', 8, '2020', ''),
(736, 'Muhammad Fahrur Rizqi Dae', 'E212011008', 8, '2020', ''),
(737, 'Muhammad Fauzan Annabhany', 'E212011009', 8, '2020', ''),
(738, 'Muhammad Jilan Arjyuri', 'E212011010', 8, '2020', ''),
(739, 'Nurullah Aulia Muhammad', 'E212011011', 8, '2020', ''),
(740, 'Pradika Kumara', 'E212011012', 8, '2020', ''),
(741, 'Putra Daifullah', 'E212011013', 8, '2020', ''),
(742, 'Saepul Ihwan', 'E212011014', 8, '2020', ''),
(743, 'Sidik Aminudin', 'E212011015', 8, '2020', ''),
(744, 'Herdian Dwi Cahya', 'E212011016', 8, '2020', ''),
(745, 'Aditya Widi Pratama', 'E212011017', 8, '2020', ''),
(746, 'Aldi Muhammad Firdaus', 'E212011018', 8, '2020', ''),
(747, 'Anang Karmana', 'E212011019', 8, '2020', ''),
(748, 'Aqil Oktafian', 'E212011020', 8, '2020', ''),
(749, 'Badil Iddo Sibarani', 'E212011021', 8, '2020', ''),
(750, 'Carlo Muzaqi Rachman', 'E212011022', 8, '2020', ''),
(751, 'Esa Wiguna', 'E212011023', 8, '2020', ''),
(752, 'Farhan Abdi', 'E212011024', 8, '2020', ''),
(753, 'Firdaus Purnama Aji', 'E212011025', 8, '2020', ''),
(754, 'Ikbal Fadilah', 'E212011026', 8, '2020', ''),
(755, 'M.Ichsan Bin A. Syam', 'E212011027', 8, '2020', ''),
(756, 'M Rizqi Ardiansyah', 'E212011028', 8, '2020', ''),
(757, 'Muhamad Fajar Ramadhan', 'E212011029', 8, '2020', ''),
(758, 'Muhammad Azriel Hakim', 'E212011030', 8, '2020', ''),
(759, 'Muhammad Jati Kertayuga Iskandar', 'E212011031', 8, '2020', ''),
(760, 'Mukhamad Ramdan', 'E212011032', 8, '2020', ''),
(761, 'Ariya Insan Nur Alam', 'E212011033', 8, '2020', ''),
(762, 'Rahmat Hidayat', 'E212011034', 8, '2020', ''),
(763, 'Renaldo', 'E212011035', 8, '2020', ''),
(764, 'Riggi Ramadhan', 'E212011036', 8, '2020', ''),
(765, 'Salman Kurniawan', 'E212011037', 8, '2020', ''),
(766, 'Zamzam Zainal Asikin', 'E212011038', 8, '2020', ''),
(767, 'Zia Ulhaq', 'E212011039', 8, '2020', ''),
(768, 'M. Rizky Ma\'sum', 'E212011040', 8, '2020', ''),
(769, 'Amelia Puspita Dewi', 'E612011002', 10, '2020', ''),
(770, 'Indah Nurazizah', 'E612011003', 10, '2020', ''),
(771, 'Mita Oktaviani', 'E612011004', 10, '2020', ''),
(772, 'Rani Saniati Purnomo', 'E612011006', 10, '2020', ''),
(773, 'Rimantika Dewi', 'E612011007', 10, '2020', ''),
(774, 'Septiana Puspa Bhiantara Paras Sendawar', 'E612011008', 10, '2020', ''),
(775, 'Sri Rizky Wahyuni', 'E612011009', 10, '2020', ''),
(776, 'Andra Ramadhan', 'E612011010', 10, '2020', ''),
(777, 'Muhamad Maulana Hidayatulloh', 'E612011012', 10, '2020', ''),
(778, 'Agus Setiawan', 'D112011001', 3, '2020', ''),
(779, 'Ahmad Febri Yanto', 'D112011002', 3, '2020', ''),
(780, 'Aini Hadijah', 'D112011003', 3, '2020', ''),
(781, 'Aldi Himawan', 'D112011004', 3, '2020', ''),
(782, 'Aldi Kristiawan Febianto', 'D112011005', 3, '2020', ''),
(783, 'Ali Ihsan Kamil', 'D112011006', 3, '2020', ''),
(784, 'Arid Zenal Muchafidin', 'D112011007', 3, '2020', ''),
(785, 'Ratna Ayu Mega Kharisma', 'E612011013', 10, '2020', ''),
(786, 'Arif Hidayat', 'D112011008', 3, '2020', ''),
(787, 'Arya Rizki Pratama', 'D112011009', 3, '2020', ''),
(788, 'Sari Dewi Pujiastuti', 'E612011014', 10, '2020', ''),
(789, 'Siti Rani Oktaviani', 'E612011015', 10, '2020', ''),
(790, 'Siti Rochma', 'E612011016', 10, '2020', ''),
(791, 'Tasha Azmiasari Putri', 'E612011017', 10, '2020', ''),
(792, 'Feri Abdurohman', 'E612021025', 10, '2020', ''),
(793, 'Jadid Rafiudin', 'E612021026', 10, '2020', ''),
(794, 'Kiki Sandi', 'E612021027', 10, '2020', ''),
(795, 'Bonita Puspa Nagari', 'D112011010', 3, '2020', ''),
(796, 'Cece Pratiwi', 'D112011011', 3, '2020', ''),
(797, 'Delista Fitria', 'D112011012', 3, '2020', ''),
(798, 'Nada Sri Mulyani', 'E612021029', 10, '2020', ''),
(799, 'Elfi Rosdianti', 'D112011013', 3, '2020', ''),
(800, 'Hamimah Nurhidyah', 'D112011014', 3, '2020', ''),
(801, 'Adrian Nur Ihsan', 'D112011044', 3, '2020', ''),
(802, 'Akbar Maulana', 'D112011045', 3, '2020', ''),
(803, 'Nisa Alya Nur Azhari', 'E612021030', 10, '2020', ''),
(804, 'Arya Adhitya Ramadhan', 'D112011046', 3, '2020', ''),
(805, 'Faishal Syahrul Ramadhan', 'D112011048', 3, '2020', ''),
(806, 'Farhan Maulana Yusuf', 'D112011049', 3, '2020', ''),
(807, 'Ferdiansyah', 'D112011050', 3, '2020', ''),
(808, 'Gilang Firdaus', 'D112011051', 3, '2020', ''),
(809, 'Ikhsan Eka Wibawa', 'D112011052', 3, '2020', ''),
(810, 'Julia Rahma', 'D112011053', 3, '2020', ''),
(811, 'Mochammad Rizky Ashyari', 'D112011054', 3, '2020', ''),
(812, 'Muhammad Alwi Yahya', 'D112011055', 3, '2020', ''),
(813, 'Muhammad Jalaludin Assuyuthi', 'D112011056', 3, '2020', ''),
(814, 'Nur Aviani Azizah', 'D112011057', 3, '2020', ''),
(815, 'Rifa Safira', 'D112011058', 3, '2020', ''),
(816, 'Taufik Ardiansyah', 'D112011059', 3, '2020', ''),
(817, 'Rizliana Qotrunnada', 'E612021031', 10, '2020', ''),
(818, 'Yogi Ordano Tamba', 'D112011060', 3, '2020', ''),
(819, 'Perzi Aprilian', 'D112011095', 3, '2020', ''),
(820, 'Yulfan Wijayanto', 'E612021032', 10, '2020', ''),
(821, 'Agung Permana', 'E412011001', 9, '2020', ''),
(822, 'Arief Musanef', 'E412011002', 9, '2020', ''),
(823, 'Chrissan Hisbullah', 'E412011003', 9, '2020', ''),
(824, 'Muhammad Rijal Izzatul Haq', 'E412011005', 9, '2020', ''),
(825, 'Revan Sanjaya Widianto', 'E412011006', 9, '2020', ''),
(826, 'Rezy Ammar Sutejo', 'E412011007', 9, '2020', ''),
(827, 'Topa Agus Nugraha', 'E412011008', 9, '2020', ''),
(828, 'Yusuf Salim', 'E412011009', 9, '2020', ''),
(829, 'Zulfia Rifqiani Putri', 'E412011010', 9, '2020', ''),
(830, 'Abiyoga Nur Sa\'ad', 'E412011011', 9, '2020', ''),
(831, 'Agus Sofian', 'E412011012', 9, '2020', ''),
(832, 'Arsal Sopi Rahman', 'E412011013', 9, '2020', ''),
(833, 'Khopipah Nurul Hasanah', 'E412011014', 9, '2020', ''),
(834, 'Marwan Abdurrahman Al Hadid', 'E412011015', 9, '2020', ''),
(835, 'Muhammad Wahyu Ramadhan', 'E412011016', 9, '2020', ''),
(836, 'Wisnu Nur Hidayat', 'E412011017', 9, '2020', ''),
(837, 'Yassin Ramadhan', 'E412011018', 9, '2020', ''),
(838, 'Agy Gilang Firdaus', 'E412011019', 9, '2020', ''),
(839, 'Andri Rico Purbaya', 'E412011025', 9, '2020', ''),
(840, 'Ibrahim Sawitro Yuda', 'D112011015', 3, '2020', ''),
(841, 'Irma Purnama Oktavia', 'D112011016', 3, '2020', ''),
(842, 'Irwandi', 'D112011017', 3, '2020', ''),
(843, 'Ihza Fatmawati', 'D112011018', 3, '2020', ''),
(844, 'Kiki Rosadi', 'D112011019', 3, '2020', ''),
(845, 'Lukman Rangga Aditya Tarigan', 'D112011020', 3, '2020', ''),
(846, 'Miqdad Abdillah', 'D112011021', 3, '2020', ''),
(847, 'Muhammad Akram Dhiidhi', 'D112011022', 3, '2020', ''),
(848, 'Muhammad Auliya Izzatullah', 'D112011023', 3, '2020', ''),
(849, 'Muhammad Jujun Nuralim', 'D112011024', 3, '2020', ''),
(850, 'Muhammad Kandiaz', 'D112011025', 3, '2020', ''),
(851, 'Nandhita Ayusari', 'D112011026', 3, '2020', ''),
(852, 'Nura Nasywa Annail', 'D112011027', 3, '2020', ''),
(853, 'Nursafia', 'D112011028', 3, '2020', ''),
(854, 'Dede Hermawan', 'E412011026', 9, '2020', ''),
(855, 'Putri Nurlaela Sari', 'D112011029', 3, '2020', ''),
(856, 'Agung Dwi Prasetiyo', 'D112011061', 3, '2020', ''),
(857, 'Al-Vinda Akbar', 'D112011062', 3, '2020', ''),
(858, 'Dara Nur Oktaviani', 'D112011063', 3, '2020', ''),
(859, 'Dody Irawan', 'D112011064', 3, '2020', ''),
(860, 'Faizal Ramdan', 'D112011065', 3, '2020', ''),
(861, 'Febrian Rio Parikesit Jatmiko', 'D112011066', 3, '2020', ''),
(862, 'Ganang Priyambodo', 'D112011067', 3, '2020', ''),
(863, 'Hani Rahmawati', 'D112011068', 3, '2020', ''),
(864, 'Ilham Nurzaman', 'D112011069', 3, '2020', ''),
(865, 'Mochamad Fakhrizal Jauhari', 'D112011070', 3, '2020', ''),
(866, 'Moh. Rizky Herdiansyah', 'D112011071', 3, '2020', ''),
(867, 'Muhammad Azmy Fahrurozy', 'D112011072', 3, '2020', ''),
(868, 'Muhammad Khifransyah Ayyubi M.', 'D112011073', 3, '2020', ''),
(869, 'Rafa Septiani', 'D112011074', 3, '2020', ''),
(870, 'Salman Affandi Yusuf', 'D112011075', 3, '2020', ''),
(871, 'Trisna Athoriq', 'D112011076', 3, '2020', ''),
(872, 'Fardan Faturrahman Hermanto', 'D112011030', 3, '2020', ''),
(873, 'Diemas Prima K', 'E412011027', 9, '2020', ''),
(874, 'Hendra Wari', 'E412011028', 9, '2020', ''),
(875, 'Hernanda B Setiawan', 'E412011029', 9, '2020', ''),
(876, 'Ikhsan Wijayanto', 'E412011030', 9, '2020', ''),
(877, 'Ismail', 'E412011031', 9, '2020', ''),
(878, 'Mulus Kurniawan', 'E412011032', 9, '2020', ''),
(879, 'Taz\'al Daullah Khanifal', 'E412011033', 9, '2020', ''),
(880, 'Tedo Haris Chandra', 'E412011034', 9, '2020', ''),
(881, 'Indah Nurwulandari', 'E412011035', 9, '2020', ''),
(882, 'Wendi Rahmadani', 'E412021036', 9, '2020', ''),
(883, 'Bima Hendri Jatmiko', 'E412011037', 9, '2020', ''),
(884, 'Din-din Sahidin', 'E512011002', 6, '2020', ''),
(885, 'Yongki Kirana Pamungkas', 'E512011003', 6, '2020', ''),
(886, 'Ramiadin Misbah Aimar', 'D112011031', 3, '2020', ''),
(887, 'Restu Muhamad Nawawi', 'D112011033', 3, '2020', ''),
(888, 'Salma Alya Shafira', 'D112011034', 3, '2020', ''),
(889, 'Setiawan Beni Priyanto', 'D112011035', 3, '2020', ''),
(890, 'Silvira Nur Apriani', 'D112011036', 3, '2020', ''),
(891, 'Susdin', 'D112011037', 3, '2020', ''),
(892, 'Syifa Fauzia Tahir', 'D112011038', 3, '2020', ''),
(893, 'Trianda Juniardi', 'D112011039', 3, '2020', ''),
(894, 'Wa Ode Nur Afny Ashfiah', 'D112011040', 3, '2020', ''),
(895, 'Melhanda Suci Putri Aghtyana', 'D112011041', 3, '2020', ''),
(896, 'Ahsan Fahreza', 'D112011042', 3, '2020', ''),
(897, 'Ahmad Yusuf', 'D112011043', 3, '2020', ''),
(898, 'Agus Triyana', 'D112011077', 3, '2020', ''),
(899, 'Andrea Maulana', 'D112011078', 3, '2020', ''),
(900, 'Dida Andari Nuralam', 'D112011079', 3, '2020', ''),
(901, 'Fahmi Muhammad Syakir', 'D112011080', 3, '2020', ''),
(902, 'Fajar Agustian', 'D112011081', 3, '2020', '');
INSERT INTO `mahasiswa` (`id`, `nama_lengkap`, `nim`, `program_studi`, `periode`, `foto`) VALUES
(903, 'Ferdi Ananda Saputra', 'D112011082', 3, '2020', ''),
(904, 'Gery Riansyah Ramadhan', 'D112011083', 3, '2020', ''),
(905, 'Hendriyanto Saputra', 'D112011084', 3, '2020', ''),
(906, 'Imam Fauzi', 'D112011085', 3, '2020', ''),
(907, 'Mochammad Reza Maulana Rachmat', 'D112011086', 3, '2020', ''),
(908, 'Muhamad Abdilah', 'D112011087', 3, '2020', ''),
(909, 'Muhammad Guruh Andriawan', 'D112011088', 3, '2020', ''),
(910, 'Muhammad Rian Asyraf Fadhlillah', 'D112011089', 3, '2020', ''),
(911, 'Rafi Mutaqin', 'D112011090', 3, '2020', ''),
(912, 'Sultan Akmal Maulana', 'D112011091', 3, '2020', ''),
(913, 'Muhammad Ghazy Al Ghifary', 'D112011093', 3, '2020', ''),
(914, 'Muhamad Aufa Thoriq', 'D112011094', 3, '2020', ''),
(915, 'Achmad Rikza Fauzain', 'D112021100', 3, '2020', ''),
(916, 'Alvin Abdil Azij', 'D112021101', 3, '2020', ''),
(917, 'Farid Rizqulloh', 'D112021102', 3, '2020', ''),
(918, 'Hendryansyah', 'D112021103', 3, '2020', ''),
(919, 'Imam Firman Diansah', 'D112021104', 3, '2020', ''),
(920, 'Jonson Ricardo Pakpahan', 'D112021105', 3, '2020', ''),
(921, 'Mochamad Alawi', 'D112021107', 3, '2020', ''),
(922, 'Muhamad Ramdani', 'D112021108', 3, '2020', ''),
(923, 'Muhammad Ghazi Dzulfikar', 'D112021109', 3, '2020', ''),
(924, 'Otong Gani', 'D112021110', 3, '2020', ''),
(925, 'Rangga Arfian Mahesa', 'D112021111', 3, '2020', ''),
(926, 'Rey Muhamad Rifqi', 'D112021112', 3, '2020', ''),
(927, 'Salimah Abdillah Husna', 'D112021113', 3, '2020', ''),
(928, 'Tirta Subagja', 'D112021114', 3, '2020', ''),
(929, 'Zulham Fajar Ismail', 'D112021115', 3, '2020', ''),
(930, 'Rafli Alhafizh', 'D112021116', 3, '2020', ''),
(931, 'Dimas Anton Yoga Pratama', 'D112011047', 3, '2020', ''),
(932, 'Agus Soleh Hudin', 'D112021117', 3, '2020', ''),
(933, 'Ahmad Cepy Firdaus', 'E512011004', 6, '2020', ''),
(934, 'Anton Ramdani Sugandi', 'E512011005', 6, '2020', ''),
(935, 'Asep Deni', 'E512011006', 6, '2020', ''),
(936, 'Charel Huan', 'E512011007', 6, '2020', ''),
(937, 'Fadly Ikram Sulaiman', 'E512011008', 6, '2020', ''),
(938, 'Farhandi Perdana Putra Setiawan', 'E512011009', 6, '2020', ''),
(939, 'Haidar Ali Ahnaf', 'E512011010', 6, '2020', ''),
(940, 'Irpan Robi Maulana', 'E512011011', 6, '2020', ''),
(941, 'Moch Fadil Surya Priatna Putra', 'E512011012', 6, '2020', ''),
(942, 'Putra Alghi Fari Kurniawan', 'E512011013', 6, '2020', ''),
(943, 'Raka Nursalam', 'E512011014', 6, '2020', ''),
(944, 'Ramdhani Nugroho', 'E512011015', 6, '2020', ''),
(945, 'Rangga Adhitia Aryono', 'E512011016', 6, '2020', ''),
(946, 'Rizki Eksa Gumilar', 'E512011017', 6, '2020', ''),
(947, 'Angga Pratama Rizvi', 'E512011018', 6, '2020', ''),
(948, 'Pian Andriansah', 'E512011019', 6, '2020', ''),
(949, 'Abdul Aziz', 'E512011020', 6, '2020', ''),
(950, 'Syahri Ramadhan Purba', 'E522011001', 5, '2020', ''),
(951, 'Aditya Hermawan', 'E522011002', 5, '2020', ''),
(952, 'Agil Perdana Fahrozi', 'E522011003', 5, '2020', ''),
(953, 'Alip Rizky Trisnadi Purnomo', 'E522011005', 5, '2020', ''),
(954, 'Andrean Wahyu Hidayat', 'E522011006', 5, '2020', ''),
(955, 'Aqil Raka Wibisono', 'E522011007', 5, '2020', ''),
(956, 'Bagus Setia Budi', 'E522011008', 5, '2020', ''),
(957, 'Dziq Rinji Kayla Mi\'raj', 'E522011009', 5, '2020', ''),
(958, 'Excel Mikola', 'E522011010', 5, '2020', ''),
(959, 'Faza Akbar Ramadhan', 'E522011011', 5, '2020', ''),
(960, 'Ihsan Nuansa', 'E522011012', 5, '2020', ''),
(961, 'M. Faisal Saputra', 'E522011013', 5, '2020', ''),
(962, 'M. Reynaldi', 'E522011014', 5, '2020', ''),
(963, 'M. Ridho Andreanza', 'E522011015', 5, '2020', ''),
(964, 'Mohammad Reza Irfan Pratama', 'E522011016', 5, '2020', ''),
(965, 'Muhamad Agustian Wijaya', 'E522011017', 5, '2020', ''),
(966, 'NizarCahyo Ramandani', 'E522011018', 5, '2020', ''),
(967, 'Perdito Gusti Pangestu', 'E522011019', 5, '2020', ''),
(968, 'Rahmat', 'E522011020', 5, '2020', ''),
(969, 'Rizky Dwi Rahmadi', 'E522011021', 5, '2020', ''),
(970, 'Ronny Annesson Silaban', 'E522011022', 5, '2020', ''),
(971, 'M. Taupik Hidayat', 'E522011045', 5, '2020', ''),
(972, 'Imam Sholeh', 'E522011047', 5, '2020', ''),
(973, 'Aditya Juanda Putra', 'E522011023', 5, '2020', ''),
(974, 'Ahmad Husien Abdul Hamid', 'E522011024', 5, '2020', ''),
(975, 'Amirul Zaman Kushendrik', 'E522011025', 5, '2020', ''),
(976, 'Andry Putra Ramadhan', 'E522011026', 5, '2020', ''),
(977, 'Angga Firda Dinata', 'E522011027', 5, '2020', ''),
(978, 'Armadi Pranata', 'E522011028', 5, '2020', ''),
(979, 'Defly Fergiawan', 'E522011029', 5, '2020', ''),
(980, 'Fatra Pratama', 'E522011030', 5, '2020', ''),
(981, 'Fico Oktaredi', 'E522011031', 5, '2020', ''),
(982, 'Haidar Shidqi Mufid', 'E522011032', 5, '2020', ''),
(983, 'Leta Pratama', 'E522011033', 5, '2020', ''),
(984, 'M.Iqbal', 'E522011034', 5, '2020', ''),
(985, 'Laode Alfrian Afandi A', 'E522011046', 5, '2020', ''),
(986, 'M. Renaldy', 'E522011035', 5, '2020', ''),
(987, 'M. Tegar Setiawan', 'E522011036', 5, '2020', ''),
(988, 'Muhammad Al Baroka', 'E522011037', 5, '2020', ''),
(989, 'Muhammad Azzuri Aria Dwiguno', 'E522011038', 5, '2020', ''),
(990, 'Purnomo Setyo Adi', 'E522011039', 5, '2020', ''),
(991, 'Raqael Achmady Septiawan', 'E522011040', 5, '2020', ''),
(992, 'Renaldy Topan Andrean', 'E522011041', 5, '2020', ''),
(993, 'Saddam Malik', 'E522011042', 5, '2020', ''),
(994, 'Sugih Wardiman', 'E522011043', 5, '2020', ''),
(995, 'Yeri Kelvin', 'E522011044', 5, '2020', ''),
(996, 'Astrie Dinar Rahayu', 'E712011001', 2, '2020', ''),
(997, 'Fanny Siti Fadhilah', 'E712011002', 2, '2020', ''),
(998, 'Feby Alin Aliana', 'E712011003', 2, '2020', ''),
(999, 'Gina Siti Rachmawati', 'E712011004', 2, '2020', ''),
(1000, 'Ishmah Nailufar', 'E712011005', 2, '2020', ''),
(1001, 'Agra Nugraha Sunarjat', 'E712011011', 2, '2020', ''),
(1002, 'Ahmad Maulana Yusup', 'E712011012', 2, '2020', ''),
(1003, 'Alfian Efendi', 'E712011013', 2, '2020', ''),
(1004, 'Az Zahra Nabillah Nicintaerya Itsnantyo', 'E712011014', 2, '2020', ''),
(1005, 'Azriel Akbar Priyatna', 'E712011015', 2, '2020', ''),
(1006, 'Dini Fajriani', 'E712011016', 2, '2020', ''),
(1007, 'Fedia Febriyanti', 'E712011017', 2, '2020', ''),
(1008, 'Fitri Indriyani', 'E712011018', 2, '2020', ''),
(1009, 'Gilang Ramadhan Putra', 'E712011019', 2, '2020', ''),
(1010, 'Jeane Allivia', 'E712011020', 2, '2020', ''),
(1011, 'Marlini Nadya Claudinar Djawa', 'E712011021', 2, '2020', ''),
(1012, 'Najmi Ahmad Najmuddin Sanusi', 'E712011022', 2, '2020', ''),
(1013, 'Nimas Ayu Syachsya Khumaera', 'E712011023', 2, '2020', ''),
(1014, 'Nisa Nurfaizah', 'E712011024', 2, '2020', ''),
(1015, 'Panggabean Raja', 'E712011025', 2, '2020', ''),
(1016, 'Selvi Pransiska', 'E712011027', 2, '2020', ''),
(1017, 'Shabila Rizky Rahmatika', 'E712011028', 2, '2020', ''),
(1018, 'Tiara Anggraeni Tsaniya Dewi', 'E712011029', 2, '2020', ''),
(1019, 'Widia Ratiana Sirait', 'E712011030', 2, '2020', ''),
(1020, 'Putri widari', 'E712011051', 2, '2020', ''),
(1021, 'Kania Pitriani', 'E712011006', 2, '2020', ''),
(1022, 'Melly Nofrister', 'E712011007', 2, '2020', ''),
(1023, 'Neng Sri Bunga', 'E712011008', 2, '2020', ''),
(1024, 'Rosmalia', 'E712011009', 2, '2020', ''),
(1025, 'Yulianti Lestari', 'E712011010', 2, '2020', ''),
(1026, 'Agung Gumora', 'E712011031', 2, '2020', ''),
(1027, 'Aldi Idrus', 'E712011032', 2, '2020', ''),
(1028, 'Alia Nurbaeti', 'E712011033', 2, '2020', ''),
(1029, 'Azkia Nurul Aulia Sani', 'E712011034', 2, '2020', ''),
(1030, 'Deni Saputra', 'E712011035', 2, '2020', ''),
(1031, 'Erna', 'E712011036', 2, '2020', ''),
(1032, 'Fifi Devianti', 'E712011037', 2, '2020', ''),
(1033, 'Frenssiska Nandiyah', 'E712011038', 2, '2020', ''),
(1034, 'Hetty Komalasari M. Sadik', 'E712011039', 2, '2020', ''),
(1035, 'Kanaulliya Diannis Yusticia Rahmi Thamrin', 'E712011040', 2, '2020', ''),
(1036, 'Muhamad Rizal Rakhman', 'E712011041', 2, '2020', ''),
(1037, 'Nazwa Putri Amelia', 'E712011042', 2, '2020', ''),
(1038, 'Nisa Maharani Al Ushwatun Hasanah', 'E712011043', 2, '2020', ''),
(1039, 'Nisa Nurliah', 'E712011044', 2, '2020', ''),
(1040, 'Putri Andhini Wulandari Aripin', 'E712011045', 2, '2020', ''),
(1041, 'Sabila Nopiyanti', 'E712011046', 2, '2020', ''),
(1042, 'Septia Damayanti Shidqi', 'E712011047', 2, '2020', ''),
(1043, 'Sri Nabila', 'E712011048', 2, '2020', ''),
(1044, 'Wa Ode Zahratun Aziza', 'E712011049', 2, '2020', ''),
(1045, 'Yani Apriyani', 'E712011050', 2, '2020', ''),
(1046, 'Laode Muhamad Ikbal', 'E712011052', 2, '2020', ''),
(1047, 'Alyya Putri Indirawati', 'E712021055', 2, '2020', ''),
(1048, 'Adisti Putri Sri Wahyuni', 'E712021057', 2, '2020', ''),
(1049, 'Vina Vinandiani', 'E712021056', 2, '2020', ''),
(1050, 'Rine Ajeng Santika', 'E712021058', 2, '2020', ''),
(1051, 'Krisda Mulyani', 'E712021059', 2, '2020', ''),
(1052, 'Shakila Febiola', 'E712021060', 2, '2020', ''),
(1053, 'Ahmad Wahyu Hidayat', 'D312011001', 6, '2020', ''),
(1054, 'Aldan Sunarya', 'D312011002', 6, '2020', ''),
(1055, 'Amirul Rizal', 'D312011003', 6, '2020', ''),
(1056, 'Ferdi Febriansyah', 'D312011004', 6, '2020', ''),
(1057, 'Inda', 'D312011005', 6, '2020', ''),
(1058, 'Indra Dwi Prasetyo', 'D312011006', 6, '2020', ''),
(1059, 'Muhammad Kamalul Hakim', 'D312011007', 6, '2020', ''),
(1060, 'Reyhan Prasetya', 'D312011008', 6, '2020', ''),
(1061, 'Rio Dwi Saputra', 'D312011009', 6, '2020', ''),
(1062, 'Risky Arifki Sulaeman', 'D312011010', 6, '2020', ''),
(1063, 'Amar Putra Munggaran Juniardi', 'D312011011', 6, '2020', ''),
(1064, 'Bani haekal Yasyfi', 'D312011012', 6, '2020', ''),
(1065, 'Cahya Gumilar', 'D312011013', 6, '2020', ''),
(1066, 'Hendri Aldiansyah', 'D312011014', 6, '2020', ''),
(1067, 'Idhar Amienudin', 'D312011015', 6, '2020', ''),
(1068, 'Muhamad Rizky Asrof Mustofa', 'D312011016', 6, '2020', ''),
(1069, 'Muhammad Fauzi', 'D312011017', 6, '2020', ''),
(1070, 'Muhammad Fauzi Herman', 'D312011018', 6, '2020', ''),
(1071, 'Muhammad Hafizh Putra Irawan', 'D312011019', 6, '2020', ''),
(1072, 'Muhammad Mirza', 'D312011020', 6, '2020', ''),
(1073, 'Ridwan Arditama', 'D312011021', 6, '2020', ''),
(1074, 'Rizaldy Faris Rhidwan', 'D312011022', 6, '2020', ''),
(1075, 'Rizki Maulana', 'D312011023', 6, '2020', ''),
(1076, 'Roby Ahmad Rismawan', 'D312011024', 6, '2020', ''),
(1077, 'Taufik Hidayat', 'D312011025', 6, '2020', ''),
(1078, 'Anugrah Ramadhan', 'D312011026', 6, '2020', ''),
(1079, 'Alexander Fajar Pabesak', 'D312011027', 6, '2020', ''),
(1080, 'Alma Hamni Adifa Septira', 'D312021030', 6, '2020', ''),
(1081, 'Deden Sunarya Putra', 'D312021031', 6, '2020', ''),
(1082, 'Derry Taufik Ramadhan', 'D312021032', 6, '2020', ''),
(1083, 'Epul Sugiantoro', 'D312021033', 6, '2020', ''),
(1084, 'Fahrul Nurlatif', 'D312021034', 6, '2020', ''),
(1085, 'Fhadel Kurniawan', 'D312021035', 6, '2020', ''),
(1086, 'Jilal Lasmana', 'D312021037', 6, '2020', ''),
(1087, 'Moch Qori Rizalul Fiqri', 'D312021038', 6, '2020', ''),
(1088, 'Muhamad Riswan Ariswanto', 'D312021039', 6, '2020', ''),
(1089, 'Muhammad Ghazi Dzulfikar', 'D312021040', 6, '2020', ''),
(1090, 'Ridwan Sulaeman', 'D312021041', 6, '2020', ''),
(1091, 'Ujang Rendi Rinaldi', 'D312021042', 6, '2020', ''),
(1092, 'Muhammad Jamaludin', 'D312021043', 6, '2020', ''),
(1093, 'Mochamad Iqbal Purnama', 'D312021044', 6, '2020', ''),
(1094, 'Ahwal Isnaini Soemantri', 'D322011001', 6, '2020', ''),
(1095, 'Fitri', 'D322011002', 6, '2020', ''),
(1096, 'Jhony Maycel', 'D322011003', 6, '2020', ''),
(1097, 'Jurianti', 'D322011004', 6, '2020', ''),
(1098, 'Langga Alfandi', 'D322011005', 6, '2020', ''),
(1099, 'Laura Verawati', 'D322011006', 6, '2020', ''),
(1100, 'Muhamad Ismail', 'D322011007', 6, '2020', ''),
(1101, 'Sofi Ardiasari', 'D322011008', 6, '2020', ''),
(1102, 'Wandi Mulyadi', 'D322011009', 6, '2020', ''),
(1103, 'Farid Firdaus Ridwan', 'D322011010', 6, '2020', ''),
(1104, 'Muhammad Hatimul Asom', 'D322011011', 6, '2020', ''),
(1105, 'Panji Pratama', 'D322011013', 6, '2020', ''),
(1106, 'Rizky Maulana', 'D322011014', 6, '2020', ''),
(1107, 'Tio Faris Safa Ilman Hakima', 'D322011015', 6, '2020', ''),
(1108, 'Wahyu Putra Pratama', 'D322011016', 6, '2020', ''),
(1109, 'Ai Cahyati', 'D512011001', 1, '2020', ''),
(1110, 'Alif Alfandi', 'D512011002', 1, '2020', ''),
(1111, 'Deni Supriadi', 'D512011003', 1, '2020', ''),
(1112, 'Fikri Ramadhan', 'D512011004', 1, '2020', ''),
(1113, 'Fitri Aryani', 'D512011005', 1, '2020', ''),
(1114, 'Ivan Suhandra', 'D512011006', 1, '2020', ''),
(1115, 'Muchamad Fazar', 'D512011007', 1, '2020', ''),
(1116, 'Nurmila', 'D512011008', 1, '2020', ''),
(1117, 'Patin Permadi', 'D512011009', 1, '2020', ''),
(1118, 'Ricki Mahendra Basri', 'D512011010', 1, '2020', ''),
(1119, 'Rijal', 'D512011011', 1, '2020', ''),
(1120, 'Stefi La Ode', 'D512011012', 1, '2020', ''),
(1121, 'Sumiati', 'D512011013', 1, '2020', ''),
(1122, 'Syah Risal Sarampang', 'D512011014', 1, '2020', ''),
(1123, 'Tia Setiawati', 'D512011015', 1, '2020', ''),
(1124, 'Toni Nurjaman', 'D512011016', 1, '2020', ''),
(1125, 'Wa Ode Selvi', 'D512011017', 1, '2020', ''),
(1126, 'Yazka Alfatih Rambe', 'D512011018', 1, '2020', ''),
(1127, 'Yusran Fakih Ramadhan', 'D512011019', 1, '2020', ''),
(1128, 'Algia Raveleo', 'D512011020', 1, '2020', ''),
(1129, 'Amelia Firstiana', 'D512011021', 1, '2020', ''),
(1130, 'Anggia Febriyanti Siregar', 'D512011022', 1, '2020', ''),
(1131, 'Denis Agus Juhari', 'D512011023', 1, '2020', ''),
(1132, 'Muhammad Reysan Akbar', 'D512011024', 1, '2020', ''),
(1133, 'Muhammad Ridho Syachputra', 'D512011025', 1, '2020', ''),
(1134, 'Nizar Zainur Risalah', 'D512011026', 1, '2020', ''),
(1135, 'Prita Rahmadita', 'D512011027', 1, '2020', ''),
(1136, 'Sara Ivanna Andrea', 'D512011028', 1, '2020', ''),
(1137, 'Zalva Zahira', 'D512011029', 1, '2020', ''),
(1138, 'Ahmad Sugiyanto', 'D512011030', 1, '2020', ''),
(1139, 'Asti Aprillia Rekta Putri', 'D512011031', 1, '2020', ''),
(1140, 'Ridwan Hamimum', 'D512011032', 1, '2020', ''),
(1141, 'Armada Ananto Pratama', 'D512011033', 1, '2020', ''),
(1142, 'Abi Manyu', 'D412011001', 12, '2020', ''),
(1143, 'Amaira Dwi Nusantari Nurochman', 'E712011026', 2, '2020', ''),
(1144, 'Alandre Ramdhani', 'D412011002', 12, '2020', ''),
(1145, 'Aristevani Urai', 'D412011003', 12, '2020', ''),
(1146, 'Arjuna Winata', 'D412011004', 12, '2020', ''),
(1147, 'Asmida', 'D412011005', 12, '2020', ''),
(1148, 'Banu Rusydi', 'D412011006', 12, '2020', ''),
(1149, 'Dimas Nugraha', 'D412011007', 12, '2020', ''),
(1150, 'Djessica', 'D412011008', 12, '2020', ''),
(1151, 'Dwi Agustina', 'D412011009', 12, '2020', ''),
(1152, 'Erik Erlando', 'D412011010', 12, '2020', ''),
(1153, 'Ilham Ramadan', 'D412011011', 12, '2020', ''),
(1154, 'Jiordanus', 'D412011012', 12, '2020', ''),
(1155, 'Juanita', 'D412011013', 12, '2020', ''),
(1156, 'Jujun', 'D412011014', 12, '2020', ''),
(1157, 'M. Rusdi', 'D412011015', 12, '2020', ''),
(1158, 'Maseagreson', 'D412011016', 12, '2020', ''),
(1159, 'Mayaningrahayu', 'D412011017', 12, '2020', ''),
(1160, 'Mochammad Wafiq Apriawan', 'D412011018', 12, '2020', ''),
(1161, 'Bagas Arya Utama', 'D412011036', 12, '2020', ''),
(1162, 'Fahri Irmansyah', 'D412011037', 12, '2020', ''),
(1163, 'Girald Alwi Purba', 'D412011038', 12, '2020', ''),
(1164, 'Hisyam Raihan Gunawan', 'D412011039', 12, '2020', ''),
(1165, 'Mochammad Farhan Arrazzaq', 'D412011040', 12, '2020', ''),
(1166, 'Muh Syahdan Sapril Nabila', 'D412011041', 12, '2020', ''),
(1167, 'Muhammad Faisal Firmansyah', 'D412011042', 12, '2020', ''),
(1168, 'Nafidz Ghifari Kurniawan', 'D412011043', 12, '2020', ''),
(1169, 'Regi Regiyana', 'D412011044', 12, '2020', ''),
(1170, 'Sony Sanjaya', 'D412011045', 12, '2020', ''),
(1171, 'Oscar Agusti Pratama', 'D412011057', 12, '2020', ''),
(1172, 'Rhafael Anugerah', 'D412011059', 12, '2020', ''),
(1173, 'Muhammad Asmara Gama', 'D412011019', 12, '2020', ''),
(1174, 'Nico Alviandy', 'D412011020', 12, '2020', ''),
(1175, 'Rahel Dorkas', 'D412011021', 12, '2020', ''),
(1176, 'Reynaldi Herdiansyah', 'D412011022', 12, '2020', ''),
(1177, 'Ridfan Mahesa Sopian', 'D412011023', 12, '2020', ''),
(1178, 'Rizki Ahmad Mulyana', 'D412011024', 12, '2020', ''),
(1179, 'Sahrul Muharam', 'D412011025', 12, '2020', ''),
(1180, 'Satriana T', 'D412011026', 12, '2020', ''),
(1181, 'Sherli Orliana Karim', 'D412011027', 12, '2020', ''),
(1182, 'Sherlina', 'D412011028', 12, '2020', ''),
(1183, 'Sri Wahyu Puji Lestari', 'D412011029', 12, '2020', ''),
(1184, 'Supra', 'D412011030', 12, '2020', ''),
(1185, 'Tina Rustinawati', 'D412011031', 12, '2020', ''),
(1186, 'Windi Darmaisha Putri', 'D412011032', 12, '2020', ''),
(1187, 'Yakobus Beto Rema', 'D412011033', 12, '2020', ''),
(1188, 'Yehezkiel Kristiadi', 'D412011034', 12, '2020', ''),
(1189, 'Gandi Muntholib', 'D412011035', 12, '2020', ''),
(1190, 'Fahmi Khairi Al \'Azmi', 'D412011046', 12, '2020', ''),
(1191, 'Ghiffari jakkawali', 'D412011047', 12, '2020', ''),
(1192, 'Hafidz Hasan Komara', 'D412011048', 12, '2020', ''),
(1193, 'La Umar Gemba', 'D412011049', 12, '2020', ''),
(1194, 'Mohammad Robi Nasihin', 'D412011050', 12, '2020', ''),
(1195, 'Muhammad Alif Taqy', 'D412011051', 12, '2020', ''),
(1196, 'Muhammad Yazid Kurnia', 'D412011052', 12, '2020', ''),
(1197, 'Rangga Lingga Wirawan', 'D412011053', 12, '2020', ''),
(1198, 'Ridwan Muhammad Malik', 'D412011054', 12, '2020', ''),
(1199, 'Yuda Anugrah Agung', 'D412011055', 12, '2020', ''),
(1200, 'Muh Syahdan Sapril Nabila', 'D412011056', 12, '2020', ''),
(1201, 'Riqi Muhtar Nawawi', 'D412011058', 12, '2020', ''),
(1202, 'Aldi Wandani', 'D412021060', 12, '2020', ''),
(1203, 'Andre Niki Kosasih', 'D412021061', 12, '2020', ''),
(1204, 'Fiqri Randika Sole', 'D412021062', 12, '2020', ''),
(1205, 'Firmansah', 'D412021063', 12, '2020', ''),
(1206, 'Hanna Widhianty', 'D412021064', 12, '2020', ''),
(1207, 'Herman Jaya Waruwu', 'D412021065', 12, '2020', ''),
(1208, 'M Wildan Prasetya', 'D412021066', 12, '2020', ''),
(1209, 'Mochamad Yudi Fauzi', 'D412021067', 12, '2020', ''),
(1210, 'Muhamad Ramdan', 'D412021068', 12, '2020', ''),
(1211, 'Muhamad Rizki Hermawan', 'D412021069', 12, '2020', ''),
(1212, 'Muhammad Zaky Reihan Azzahiru', 'D412021070', 12, '2020', ''),
(1213, 'Muhamad Zeda', 'D412021071', 12, '2020', ''),
(1214, 'Muhammad Misbahuddin', 'D412021072', 12, '2020', ''),
(1215, 'Mochamad Aris Pangestu', 'D412021073', 12, '2020', ''),
(1216, 'Ridwan Hidayat', 'D412021074', 12, '2020', ''),
(1217, 'Agi Purwaganda', 'D412021075', 12, '2020', ''),
(1218, 'Oki Ilham Permana', 'D412021076', 12, '2020', ''),
(1219, 'Palhan Aladjmi', 'D412021077', 12, '2020', ''),
(1220, 'Mochamad Rafly Gustayandra', 'D412021078', 12, '2020', ''),
(1221, 'Sungkawa Candra Dinata', 'D412021079', 12, '2020', ''),
(1222, 'Rizal Tri Handoyo', 'D412021080', 12, '2020', ''),
(1223, 'Anwar', 'D212011001', 11, '2020', ''),
(1224, 'Asep Romi Sulaeman', 'D212011002', 11, '2020', ''),
(1225, 'Denafa Rahma Syaumi', 'D212011003', 11, '2020', ''),
(1226, 'Deti Mega Mustika', 'D212011004', 11, '2020', ''),
(1227, 'Dian Chritie Monica', 'D212011005', 11, '2020', ''),
(1228, 'Diana Sukma Ayu', 'D212011006', 11, '2020', ''),
(1229, 'Diyana', 'D212011007', 11, '2020', ''),
(1230, 'Elmi Ajeng Emilia', 'D212011008', 11, '2020', ''),
(1231, 'Fathia Andini Nurhairani', 'D212011010', 11, '2020', ''),
(1232, 'Fingki Andriani', 'D212011011', 11, '2020', ''),
(1233, 'Ghifar Julham Hasannudin', 'D212011012', 11, '2020', ''),
(1234, 'Haidar Fadhli Muhammad', 'D212011013', 11, '2020', ''),
(1235, 'Intan Fahrina', 'D212011014', 11, '2020', ''),
(1236, 'Lena Marsiyah', 'D212011015', 11, '2020', ''),
(1237, 'Lukman Hakim', 'D212011016', 11, '2020', ''),
(1238, 'Luthfiah Affah', 'D212011017', 11, '2020', ''),
(1239, 'Muhammad Adityasa', 'D212011018', 11, '2020', ''),
(1240, 'Nadinda Sri Rahayu', 'D212011019', 11, '2020', ''),
(1241, 'Neng Sari Ratna Widya Ningsih', 'D212011020', 11, '2020', ''),
(1242, 'Mayang Sari', 'D212011021', 11, '2020', ''),
(1243, 'Pratiwi Mangkul Hasanah', 'D212011022', 11, '2020', ''),
(1244, 'Priawan Baruna Kresnawan', 'D212011023', 11, '2020', ''),
(1245, 'Annisa Nanda Syafira', 'D212011047', 11, '2020', ''),
(1246, 'Aulia Nur Hayati', 'D212011048', 11, '2020', ''),
(1247, 'Chantika Indra Putri', 'D212011049', 11, '2020', ''),
(1248, 'Eka Kurnia Dewi', 'D212011050', 11, '2020', ''),
(1249, 'Mukhammad Alfan', 'D212011051', 11, '2020', ''),
(1250, 'Nisa Agustina', 'D212011052', 11, '2020', ''),
(1251, 'Siti Nurhayati Apriyanti', 'D212011053', 11, '2020', ''),
(1252, 'Wikeu Asmara Putri', 'D212011054', 11, '2020', ''),
(1253, 'Puja Lestari Nurfauziah', 'D212011024', 11, '2020', ''),
(1254, 'Reni Rahmawati', 'D212011025', 11, '2020', ''),
(1255, 'Riska Agustin', 'D212011026', 11, '2020', ''),
(1256, 'Rizky Permana', 'D212011027', 11, '2020', ''),
(1257, 'Salma Fadhila', 'D212011028', 11, '2020', ''),
(1258, 'Salma Fauziyyah Firdaus', 'D212011029', 11, '2020', ''),
(1259, 'Stepani Juari', 'D212011031', 11, '2020', ''),
(1260, 'Suci Kurniawati', 'D212011032', 11, '2020', ''),
(1261, 'Syahadah Khoirul Nisa', 'D212011033', 11, '2020', ''),
(1262, 'Tia Indriani Rukmana', 'D212011034', 11, '2020', ''),
(1263, 'Umi Zakiyah', 'D212011035', 11, '2020', ''),
(1264, 'Wahyuni Makmur', 'D212011036', 11, '2020', ''),
(1265, 'Wahid Ahsanul Qoshi', 'D212011037', 11, '2020', ''),
(1266, 'Yasni', 'D212011038', 11, '2020', ''),
(1267, 'Yudistira Mahesa', 'D212011039', 11, '2020', ''),
(1268, 'Yuyun', 'D212011040', 11, '2020', ''),
(1269, 'Citra Aldona', 'D212011041', 11, '2020', ''),
(1270, 'Asma Nabilah Fauzanurrahiimah', 'D212011042', 11, '2020', ''),
(1271, 'Adinda Syafira Qolbin Salim', 'D212011043', 11, '2020', ''),
(1272, 'Sakti Ananda Sutisna', 'D212011044', 11, '2020', ''),
(1273, 'Wandi Sidik Permana', 'D212011045', 11, '2020', ''),
(1274, 'Raihan Soraya', 'D212011046', 11, '2020', ''),
(1275, 'Artha Natahamidjaja Surya \'Atmadja', 'D212011055', 11, '2020', ''),
(1276, 'Aziz Maulana', 'D212011056', 11, '2020', ''),
(1277, 'Dilla Azhara Hayati', 'D212011057', 11, '2020', ''),
(1278, 'Muhammad Jidan Ridwanullah', 'D212011058', 11, '2020', ''),
(1279, 'Rizki Sabariah', 'D212011060', 11, '2020', ''),
(1280, 'Wahyu Muhammad Shidiq', 'D212011061', 11, '2020', ''),
(1281, 'Ghilman Muslim Mulyana', 'D212011062', 11, '2020', ''),
(1282, 'Siti Hodijah', 'D212011063', 11, '2020', ''),
(1283, 'Hashifah Hasna Aghniya', 'D212011064', 11, '2020', ''),
(1284, 'Candra Basroni Putra', 'D212021065', 11, '2020', ''),
(1285, 'Cindy Julia Putri', 'D212021066', 11, '2020', ''),
(1286, 'Riva Nursari Patunisa', 'D212021068', 11, '2020', ''),
(1287, 'Triani Novia', 'D212021069', 11, '2020', ''),
(1288, 'Saepul Ridwan', 'D212021070', 11, '2020', ''),
(1289, 'Renova Febri Adisti', 'D212021071', 11, '2020', ''),
(1290, 'Maryati', 'D212021072', 11, '2020', ''),
(1291, 'Esti Diana', 'D212011009', 11, '2020', ''),
(1292, 'Muhammad Hardiansyah', 'D322011012', 6, '2020', ''),
(1293, 'Rafli Alhafizh', 'D212021067', 11, '2020', ''),
(1294, 'Wahyudhi Adi Nugroho', 'D112011092', 3, '2020', ''),
(1295, 'Eka Saputra', 'D512011034', 1, '2020', ''),
(1296, 'Ahmad Rahman Tanjung', 'E522011004', 5, '2020', ''),
(1297, 'Gilang Ramdani', 'D412022056', 12, '2019', ''),
(1298, 'Syuhud Sujudi Nur Ihsan', 'D412022057', 12, '2019', ''),
(1299, 'Geri Andesta', 'D2119110', 11, '2019', ''),
(1300, 'Fajar Rahmat Naryana', 'D312022063', 6, '2019', ''),
(1301, 'Fernando Tomy Oskar Parmahan', 'D112022118', 3, '2020', ''),
(1302, 'Fendika Setiawan Nugraha', 'D412022081', 12, '2020', ''),
(1303, 'Bella Amalia Gunawan', 'E112111001', 7, '2021', ''),
(1304, 'Ester Grasia Cristamto', 'E112111002', 7, '2021', ''),
(1305, 'Satrio Cahyo Nuswantoro', 'E112111004', 7, '2021', ''),
(1306, 'Tasya Vania Amareza', 'E112111005', 7, '2021', ''),
(1307, 'Aldi Rypaldi', 'E212111001', 8, '2021', ''),
(1308, 'Aria Fajar Ramadhan', 'E212111002', 8, '2021', ''),
(1309, 'Farizal Haeril Ihwan', 'E212111003', 8, '2021', ''),
(1310, 'Firman Nurdiansyah', 'E212111004', 8, '2021', ''),
(1311, 'Gian Riswanda Imawan', 'E212111005', 8, '2021', ''),
(1312, 'Ilham Syamtiar Pratama', 'E212111006', 8, '2021', ''),
(1313, 'Kiki Prayoga', 'E212111007', 8, '2021', ''),
(1314, 'Regin Ahmad Mustajab', 'E212111008', 8, '2021', ''),
(1315, 'Ridhwan Sulaeman', 'E212111009', 8, '2021', ''),
(1316, 'Rikza Febrian', 'E212111010', 8, '2021', ''),
(1317, 'Riski Saputra Ndraha', 'E212111011', 8, '2021', ''),
(1318, 'Suhendar', 'E212111012', 8, '2021', ''),
(1319, 'Akmal Agung Ridwansyah', 'E312111001', 4, '2021', ''),
(1320, 'Bintang Aditya Nugraha', 'E312111002', 4, '2021', ''),
(1321, 'Elsan Nurifan', 'E312111003', 4, '2021', ''),
(1322, 'Ilham Rizky Nugraha', 'E312111004', 4, '2021', ''),
(1323, 'Intan Pertiwi', 'E312111005', 4, '2021', ''),
(1324, 'Mila Mustika Sari', 'E312111006', 4, '2021', ''),
(1325, 'Muh Alimuddin', 'E312111007', 4, '2021', ''),
(1326, 'Muhamad Iqbal Pediansyah', 'E312111008', 4, '2021', ''),
(1327, 'Nandika Pebrian', 'E312111009', 4, '2021', ''),
(1328, 'Rizqi Setiawan', 'E312111010', 4, '2021', ''),
(1329, 'Farza Rafiandri', 'E412111001', 9, '2021', ''),
(1330, 'Jihad Faris Muslim', 'E412111002', 9, '2021', ''),
(1331, 'Muhamad Ramdhan', 'E412111003', 9, '2021', ''),
(1332, 'Muhammad Fikry Haiqal', 'E412111004', 9, '2021', ''),
(1333, 'Muhammad Ihsan Hanif Sarumpaet', 'E412111005', 9, '2021', ''),
(1334, 'Mochamad Prasetyo Dwiyanto', 'E412111006', 9, '2021', ''),
(1335, 'Nauval Faisal Hakim', 'E412111007', 9, '2021', ''),
(1336, 'Rahman Hakim', 'E412111008', 9, '2021', ''),
(1337, 'Rohmat Akbar', 'E412111009', 9, '2021', ''),
(1338, 'Yayan Ramdhani Hidayat', 'E412111010', 9, '2021', ''),
(1339, 'Akbar Maulana', 'E412121021', 9, '2021', ''),
(1340, 'Arriva Syahzalbilla Maysha Achmad', 'E412121022', 9, '2021', ''),
(1341, 'Asep Rochman', 'E412121023', 9, '2021', ''),
(1342, 'Bagas Gentara Pribadi', 'E412121024', 9, '2021', ''),
(1343, 'Gustina Kartadinata', 'E412121025', 9, '2021', ''),
(1344, 'Miftahul Sidik', 'E412121026', 9, '2021', ''),
(1345, 'Rizki Kurnia Afiyanto', 'E412121027', 9, '2021', ''),
(1346, 'Sabrina Nurul Azizah', 'E512111001', 6, '2021', ''),
(1347, 'Abdul Aziz', 'E512111002', 6, '2021', ''),
(1348, 'Azhar Kamalludin', 'E512111003', 6, '2021', ''),
(1349, 'Azka Muhamad. Satria Khalifarachman', 'E512111004', 6, '2021', ''),
(1350, 'Herlangga Marga Laksono', 'E512111005', 6, '2021', ''),
(1351, 'Ramdan Suryadi', 'E512111006', 6, '2021', ''),
(1352, 'Suprapto', 'E512111007', 6, '2021', ''),
(1353, 'Taufiq Sundani Ramadhan Rukmana', 'E512111008', 6, '2021', ''),
(1354, 'Ageng Naufal Anwar', 'E522111001', 5, '2021', ''),
(1355, 'Agil Zelva Rian Rivaldi', 'E522111002', 5, '2021', ''),
(1356, 'Ahmad Zakiy Mubaroq', 'E522111003', 5, '2021', ''),
(1357, 'Alfi Zahri', 'E522111004', 5, '2021', ''),
(1358, 'Ariansa', 'E522111005', 5, '2021', ''),
(1359, 'Dellorto Dwi Safaryanto', 'E522111006', 5, '2021', ''),
(1360, 'Den Rafid Rizkulloh', 'E522111007', 5, '2021', ''),
(1361, 'Deonal Alfredo Manurung', 'E522111008', 5, '2021', ''),
(1362, 'Dimas Prasetya Miraja', 'E522111009', 5, '2021', ''),
(1363, 'Doni Prayoga', 'E522111010', 5, '2021', ''),
(1364, 'Eka Prihandoko', 'E522111011', 5, '2021', ''),
(1365, 'Fedro Ardian Mursalin', 'E522111012', 5, '2021', ''),
(1366, 'Hanif Muzmunafis', 'E522111013', 5, '2021', ''),
(1367, 'Hussein Abu Ahmad', 'E522111014', 5, '2021', ''),
(1368, 'M. Abyan Fito Ramadhan', 'E522111015', 5, '2021', ''),
(1369, 'Martin Nugraha', 'E522111016', 5, '2021', ''),
(1370, 'Memet Supandi', 'E522111017', 5, '2021', ''),
(1371, 'Muhamad Rusdi', 'E522111018', 5, '2021', ''),
(1372, 'Muhammad Aldi Azis', 'E522111019', 5, '2021', ''),
(1373, 'Muhammad Rafhi Akbar', 'E522111020', 5, '2021', ''),
(1374, 'Muthohoroh Ginandi', 'E522111021', 5, '2021', ''),
(1375, 'Pele Virgiawan', 'E522111022', 5, '2021', ''),
(1376, 'Reynaldi', 'E522111023', 5, '2021', ''),
(1377, 'Ropiq Ramdan Alzakiy', 'E522111024', 5, '2021', ''),
(1378, 'Rynaldi', 'E522111025', 5, '2021', ''),
(1379, 'Sonny Asmara', 'E522111026', 5, '2021', ''),
(1380, 'Desti Nopelia Safitri', 'E612111001', 10, '2021', ''),
(1381, 'Vina Yunika', 'E612111002', 10, '2021', ''),
(1382, 'Winaliani', 'E612111003', 10, '2021', ''),
(1383, 'Alif Aziz Ghifari Putra', 'E612111004', 10, '2021', ''),
(1384, 'Ayu Puspita Ningsih', 'E612111005', 10, '2021', ''),
(1385, 'Budiarti Puspitasari', 'E612111006', 10, '2021', ''),
(1386, 'Difa Fachrezi', 'E612111007', 10, '2021', ''),
(1387, 'Neng Winda Hartini', 'E612111008', 10, '2021', ''),
(1388, 'Rindiani', 'E612111009', 10, '2021', ''),
(1389, 'Amelia Devi Cahyati', 'E712111001', 2, '2021', ''),
(1390, 'Anisa Widiawati', 'E712111002', 2, '2021', ''),
(1391, 'Meyta Maulida', 'E712111003', 2, '2021', ''),
(1392, 'Nirha Hely Ramadhani', 'E712111004', 2, '2021', ''),
(1393, 'Salwa Alya Cahyani', 'E712111005', 2, '2021', ''),
(1394, 'Abdul Basit Nugraha', 'E712111006', 2, '2021', ''),
(1395, 'Ahmad Hendra Fauzan', 'E712111007', 2, '2021', ''),
(1396, 'Alfina Nur Aini', 'E712111008', 2, '2021', ''),
(1397, 'Alvia Dinda Rizkika', 'E712111009', 2, '2021', ''),
(1398, 'Alya Anisa', 'E712111010', 2, '2021', ''),
(1399, 'Azzahra Inda Rahmatya', 'E712111011', 2, '2021', ''),
(1400, 'Chesilia Rizky Ramadhanty', 'E712111012', 2, '2021', ''),
(1401, 'Dafita Nur Alifah', 'E712111013', 2, '2021', ''),
(1402, 'Daniel Satria Dwiputra Sairoen', 'E712111014', 2, '2021', ''),
(1403, 'Dela Safitri', 'E712111015', 2, '2021', ''),
(1404, 'Eli Amelia', 'E712111016', 2, '2021', ''),
(1405, 'Erina Jihan Nurhikmah', 'E712111017', 2, '2021', ''),
(1406, 'Fitria Azzahra', 'E712111018', 2, '2021', ''),
(1407, 'Gina Fajriani', 'E712111019', 2, '2021', ''),
(1408, 'Intan Sriwahyu Rizky', 'E712111020', 2, '2021', ''),
(1409, 'Laili Sania Hurin Auliadina', 'E712111021', 2, '2021', ''),
(1410, 'M. Luthfi Alkhawari', 'E712111022', 2, '2021', ''),
(1411, 'Marisa', 'E712111023', 2, '2021', ''),
(1412, 'Meidina Prameswari Dipa Utami', 'E712111024', 2, '2021', ''),
(1413, 'Neng Rosy Junia Agustin', 'E712111025', 2, '2021', ''),
(1414, 'Nur Azizah', 'E712111026', 2, '2021', ''),
(1415, 'Rani Permata Sari', 'E712111027', 2, '2021', ''),
(1416, 'Rania Salsabila', 'E712111028', 2, '2021', ''),
(1417, 'Regyna Azzahra Sopandi', 'E712111029', 2, '2021', ''),
(1418, 'Riska Sopia Marzela', 'E712111030', 2, '2021', ''),
(1419, 'Sabrina Enjelina', 'E712111031', 2, '2021', ''),
(1420, 'Salsa Aulya', 'E712111032', 2, '2021', ''),
(1421, 'Sinta Purnamasari Putri', 'E712111033', 2, '2021', ''),
(1422, 'Tharisma Agustine', 'E712111034', 2, '2021', ''),
(1423, 'Inal Abidin', 'E712111035', 2, '2021', ''),
(1424, 'Muhamad Anwar Fauzy', 'E712111036', 2, '2021', ''),
(1425, 'Desi Ariyani', 'E712111044', 2, '2021', ''),
(1426, 'Ghifari Nor Amarullah Dirgayusa', 'E712111045', 2, '2021', ''),
(1427, 'Hadi Mustofa', 'E712111046', 2, '2021', ''),
(1428, 'Mutiara Aulia Nur', 'E712111047', 2, '2021', ''),
(1429, 'Reni Ameliah', 'E712111048', 2, '2021', ''),
(1430, 'Ajeng Try Aulia', 'D122111001', 2, '2021', ''),
(1431, 'Alaminsyah', 'D122111002', 2, '2021', ''),
(1432, 'Andreo Gaferoh', 'D122111003', 2, '2021', ''),
(1433, 'Annisya Nadia Ruana', 'D122111004', 2, '2021', ''),
(1434, 'Dian Febryanti', 'D122111005', 2, '2021', ''),
(1435, 'Dwi Novita Sari', 'D122111006', 2, '2021', ''),
(1436, 'Elisa Karla', 'D122111007', 2, '2021', ''),
(1437, 'Indah Mulia Farisa', 'D122111008', 2, '2021', ''),
(1438, 'Irgi Sanda Padisa', 'D122111009', 2, '2021', ''),
(1439, 'Kgs M Fauzan Fajari', 'D122111010', 2, '2021', ''),
(1440, 'M Alif Zayyan', 'D122111011', 2, '2021', ''),
(1441, 'M Arif Abdillah', 'D122111012', 2, '2021', ''),
(1442, 'Mega Juli Utami', 'D122111013', 2, '2021', ''),
(1443, 'Melda Arianti', 'D122111014', 2, '2021', ''),
(1444, 'Muhammad Nuril Huda', 'D122111147', 2, '2021', ''),
(1445, 'Novi Irawati', 'D122111016', 2, '2021', ''),
(1446, 'Rahmayani', 'D122111017', 2, '2021', ''),
(1447, 'Setya Apriyanti', 'D122111018', 2, '2021', ''),
(1448, 'Tasya Dwi Kurnia', 'D122111019', 2, '2021', ''),
(1449, 'Witriah Destriani', 'D122111020', 2, '2021', ''),
(1450, 'Yeriska', 'D122111021', 2, '2021', ''),
(1451, 'Apriani Arsad', 'D122111022', 2, '2021', ''),
(1452, 'Vica Vijayanti', 'D122111023', 2, '2021', ''),
(1453, 'Fitria Ramadhani Karim', 'D122111024', 2, '2021', ''),
(1454, 'Rika Risti Fauziah', 'D122111025', 2, '2021', ''),
(1455, 'Sy. Nur Qamaria Albaar', 'D122111026', 2, '2021', ''),
(1456, 'Ramananda Jadid Syahdan', 'D122111027', 2, '2021', ''),
(1457, 'Ade Rizki As', 'D112111001', 3, '2021', ''),
(1458, 'Agung Nugraha Bifadlillah', 'D112111002', 3, '2021', ''),
(1459, 'Andre Tri Rizky Ariyanto', 'D112111003', 3, '2021', ''),
(1460, 'Diva Ramadhan', 'D112111004', 3, '2021', ''),
(1461, 'Iqbal Heriyadi', 'D112111005', 3, '2021', ''),
(1462, 'Moch. Ziad Al Islam', 'D112111006', 3, '2021', ''),
(1463, 'Mochammad Fajar Fadhillah', 'D112111007', 3, '2021', ''),
(1464, 'Muhamad Irgi Juliansyah', 'D112111008', 3, '2021', ''),
(1465, 'Muhamad Rizki Maulana', 'D112111009', 3, '2021', ''),
(1466, 'Muhammad Maksum', 'D112111010', 3, '2021', ''),
(1467, 'Puput Amelia Effendi', 'D112111011', 3, '2021', ''),
(1468, 'Sela Pebriana', 'D112111012', 3, '2021', ''),
(1469, 'Stanley Setiawan Bubua', 'D112111013', 3, '2021', ''),
(1470, 'Taufik Fajar Mustafa', 'D112111014', 3, '2021', ''),
(1471, 'Alma Sulaiman', 'D112111015', 3, '2021', ''),
(1472, 'Amril Setia Pratama', 'D112111016', 3, '2021', ''),
(1473, 'Apdya Amrul Atqia', 'D112111017', 3, '2021', ''),
(1474, 'Ari Aditya', 'D112111018', 3, '2021', ''),
(1475, 'Arjuna Rinaldi Julianto', 'D112111019', 3, '2021', ''),
(1476, 'Elza Satria Bhima Sakti', 'D112111020', 3, '2021', ''),
(1477, 'Fadhil Rifgi Pratama', 'D112111021', 3, '2021', ''),
(1478, 'Friana Widya Gunawan', 'D112111022', 3, '2021', ''),
(1479, 'Gingin Gintara', 'D112111023', 3, '2021', ''),
(1480, 'Hadi Fajar Firmansyah', 'D112111024', 3, '2021', ''),
(1481, 'Hafizh Maalik Falah', 'D112111025', 3, '2021', ''),
(1482, 'Heldi Akbar Kosasih', 'D112111026', 3, '2021', ''),
(1483, 'Mochammad Zaid Ilham', 'D112111027', 3, '2021', ''),
(1484, 'Muhamad Ridwan', 'D112111028', 3, '2021', ''),
(1485, 'Muhammad Apip Pudin Safaat', 'D112111029', 3, '2021', ''),
(1486, 'Muhammad Fadli Setiawan', 'D112111030', 3, '2021', ''),
(1487, 'Muhammad Naufal Abel Rafi', 'D112111031', 3, '2021', ''),
(1488, 'Muhammad Ryan Giggs Simamora', 'D112111032', 3, '2021', ''),
(1489, 'Nandan Cahyana', 'D112111033', 3, '2021', ''),
(1490, 'Naufal Nafi Dzimar', 'D112111034', 3, '2021', ''),
(1491, 'Rangga Dwi Romadhona', 'D112111035', 3, '2021', ''),
(1492, 'Rangga Eka Kusuma Dani', 'D112111036', 3, '2021', ''),
(1493, 'Rasyid Zanuar Algifari', 'D112111037', 3, '2021', ''),
(1494, 'Resa Hardiyanti', 'D112111038', 3, '2021', ''),
(1495, 'Ridwan Nurhakim', 'D112111039', 3, '2021', ''),
(1496, 'Rudi Riansyah', 'D112111040', 3, '2021', ''),
(1497, 'Sultan Saalim Rabbani Atmadja', 'D112111041', 3, '2021', ''),
(1498, 'Andre Gunawan', 'D112121051', 3, '2021', ''),
(1499, 'Cepi Setiadi', 'D112121052', 3, '2021', ''),
(1500, 'Encep Rahman Armana', 'D112121053', 3, '2021', ''),
(1501, 'Ikhsan Fauzan', 'D112121054', 3, '2021', ''),
(1502, 'Sarah Fadilah Sulaeman', 'D112121055', 3, '2021', ''),
(1503, 'Wahyu Safrizal', 'D112121056', 3, '2021', ''),
(1504, 'Nur Hidayat', 'D112121057', 3, '2021', ''),
(1505, 'Panji Wiranto', 'D112121058', 3, '2021', ''),
(1506, 'Wahid Ismail', 'D112121059', 3, '2021', ''),
(1507, 'Rifki Andika Maulana', 'D112121060', 3, '2021', ''),
(1508, 'Aliftia Radianti Taniasari', 'D212111001', 11, '2021', ''),
(1509, 'Cahya Julianti', 'D212111002', 11, '2021', ''),
(1510, 'Dasimah Seftiani', 'D212111003', 11, '2021', ''),
(1511, 'Desi Syifa Fitria', 'D212111004', 11, '2021', ''),
(1512, 'Dewi Yulianti', 'D212111005', 11, '2021', ''),
(1513, 'Gita Septiani', 'D212111006', 11, '2021', ''),
(1514, 'Ikhlas Wandana', 'D212111007', 11, '2021', ''),
(1515, 'Intan Khoirunnisa', 'D212111008', 11, '2021', ''),
(1516, 'Islah Nurhasanah', 'D212111009', 11, '2021', ''),
(1517, 'Kenia Nurazizah', 'D212111010', 11, '2021', ''),
(1518, 'M Rivaldi Hafizd Fathurohman', 'D212111011', 11, '2021', ''),
(1519, 'Puspa Dewi Kusumawati', 'D212111012', 11, '2021', ''),
(1520, 'Renaldi Irawan', 'D212111013', 11, '2021', ''),
(1521, 'Rizaldy Muhamad Sopyan', 'D212111014', 11, '2021', ''),
(1522, 'Rudi Loilatu', 'D212111015', 11, '2021', ''),
(1523, 'Seli Pebriani', 'D212111016', 11, '2021', ''),
(1524, 'Sephia Sumi Jaya Tiningrum', 'D212111017', 11, '2021', ''),
(1525, 'Siti Aminah', 'D212111018', 11, '2021', ''),
(1526, 'Siti Rismawati', 'D212111019', 11, '2021', ''),
(1527, 'Sophia Nurhafshoh Koesnady', 'D212111020', 11, '2021', ''),
(1528, 'Triana Siti Aryani', 'D212111021', 11, '2021', ''),
(1529, 'Yunita Riani', 'D212111022', 11, '2021', ''),
(1530, 'Ajeng Aprilyani', 'D212111023', 11, '2021', ''),
(1531, 'Akmal Luthfi Al Baihaqi', 'D212111024', 11, '2021', ''),
(1532, 'Aspiya Huwaida', 'D212111025', 11, '2021', ''),
(1533, 'Aura Maliya', 'D212111026', 11, '2021', ''),
(1534, 'Dapid', 'D212111027', 11, '2021', ''),
(1535, 'Fanisa Tri Agna Fata', 'D212111028', 11, '2021', ''),
(1536, 'Ineu Rahmawati', 'D212111029', 11, '2021', ''),
(1537, 'Muhammad Reza Andriansyah', 'D212111030', 11, '2021', ''),
(1538, 'Siti Nur Rohimah', 'D212111031', 11, '2021', ''),
(1539, 'Wawan Jefriansyah', 'D212111032', 11, '2021', ''),
(1540, 'Ade Agus Kurnia', 'D312111001', 6, '2021', ''),
(1541, 'Dadang Ra\'uf Mustofa', 'D312111002', 6, '2021', ''),
(1542, 'Naufal Ardiansyah', 'D312111003', 6, '2021', ''),
(1543, 'Siti Ridha Inayah', 'D312111004', 6, '2021', ''),
(1544, 'Januar Dwigo Budi', 'D312111005', 6, '2021', ''),
(1545, 'Luthfi Muhammad Zahra', 'D312111006', 6, '2021', ''),
(1546, 'Muhammad Shiddiq Assalam', 'D312111007', 6, '2021', ''),
(1547, 'Priyo Susilo', 'D312111008', 6, '2021', ''),
(1548, 'Warismanso', 'D312111009', 6, '2021', ''),
(1549, 'Yoga Gustian Fadilah', 'D312111010', 6, '2021', ''),
(1550, 'Gugum Gumilar', 'D312121019', 6, '2021', ''),
(1551, 'Iqbal Risa Sahputera', 'D312121020', 6, '2021', ''),
(1552, 'M Januar Fadillah', 'D312121021', 6, '2021', ''),
(1553, 'Novan Alfathan', 'D312121022', 6, '2021', ''),
(1554, 'Sandy Riyaldy Maulana', 'D312121023', 6, '2021', ''),
(1555, 'Setiyana', 'D312121024', 6, '2021', ''),
(1556, 'Moetia Bintang Shahira', 'D322111001', 6, '2021', ''),
(1557, 'Bahar Dzulfikhar', 'D322111002', 6, '2021', ''),
(1558, 'Fariz Muchamad Yusuf', 'D322111003', 6, '2021', ''),
(1559, 'Galang Priagada', 'D322111004', 6, '2021', ''),
(1560, 'Galang Rambu Mutakin', 'D322111005', 6, '2021', ''),
(1561, 'Handi Wibawa', 'D322111006', 6, '2021', ''),
(1562, 'Tannio Zinova', 'D322111007', 6, '2021', ''),
(1563, 'Yasyfa Maulana Rizqi', 'D322111008', 6, '2021', ''),
(1564, 'Arini Silma Wulandari', 'D412111001', 12, '2021', ''),
(1565, 'Feby Yansyah', 'D412111002', 12, '2021', ''),
(1566, 'Firgia Jaelani', 'D412111003', 12, '2021', ''),
(1567, 'Indra Trisna Wijaya', 'D412111004', 12, '2021', ''),
(1568, 'Muhammad Fariz Farhan Hanif', 'D412111005', 12, '2021', ''),
(1569, 'Muhammad Zulfi Fachrurrozi', 'D412111006', 12, '2021', ''),
(1570, 'Sri Lestari', 'D412111007', 12, '2021', ''),
(1571, 'Adi Rahman', 'D412111008', 12, '2021', ''),
(1572, 'Arinda Dinda Maharani', 'D412111009', 12, '2021', ''),
(1573, 'Dimas Prasetya Miraja', 'D412111010', 12, '2021', ''),
(1574, 'Fauzan Rizki Ramadhan', 'D412111011', 12, '2021', ''),
(1575, 'Hilman Fajar Saputra', 'D412111012', 12, '2021', ''),
(1576, 'I Wayan Indraswari Chaudio Sandi', 'D412111013', 12, '2021', ''),
(1577, 'Immanuel Marvin Wicaksono Gultom', 'D412111014', 12, '2021', ''),
(1578, 'James William Samuel Sitorus', 'D412111015', 12, '2021', ''),
(1579, 'M Farhad Muzaki', 'D412111016', 12, '2021', ''),
(1580, 'Moch Lutfi T', 'D412111017', 12, '2021', ''),
(1581, 'Mochammad Randika Devansa', 'D412111018', 12, '2021', ''),
(1582, 'Muhamad Zidan Fikri', 'D412111019', 12, '2021', ''),
(1583, 'Sandy Cahya Putra', 'D412111020', 12, '2021', ''),
(1584, 'Ihwan Slamet Cahyadi', 'D512111001', 1, '2021', ''),
(1585, 'Fadhlul Rohman', 'D512111002', 1, '2021', ''),
(1586, 'Fifen Nilam Sari', 'D512111003', 1, '2021', ''),
(1587, 'Hendry Sarungu', 'D512111004', 1, '2021', ''),
(1588, 'Isah James Mabel', 'D512111005', 1, '2021', ''),
(1589, 'Muhammad Dewa Egi Maulana', 'D512111006', 1, '2021', ''),
(1590, 'Revansyah M Azriel', 'D512111007', 1, '2021', ''),
(1591, 'Taopik Hidayah', 'D512111008', 1, '2021', ''),
(1592, 'Yoga Putra Lesmana', 'D512111009', 1, '2021', ''),
(1593, 'Gyas Saputra Haryono', 'D512111010', 1, '2021', ''),
(1594, 'Nugraha Sisworaharjo', 'D512111011', 1, '2021', ''),
(1595, 'Acep Ahmad', 'D512121019', 1, '2021', ''),
(1596, 'Anton Suseno', 'D512121020', 1, '2021', ''),
(1597, 'Rachmat', 'D512121021', 1, '2021', ''),
(1598, 'Ronald Cahya Nugroho', 'D512121022', 1, '2021', ''),
(1599, 'Vio Alviyono', 'D512121023', 1, '2021', ''),
(1600, 'Arie Rhamadan Putra', 'D512121024', 1, '2021', ''),
(1601, 'Hizrah Muzliawati', 'D512111012', 1, '2021', ''),
(1602, 'Hayman', 'D512111013', 1, '2021', ''),
(1603, 'Adi Eka Putra', 'E212111013', 8, '2021', ''),
(1604, 'Muhamad Ibrahim', 'E312111011', 4, '2021', ''),
(1605, 'Rizky Raihan Trighani', 'E312111012', 4, '2021', ''),
(1606, 'Faizal Azis Ibrahim', 'E412121028', 9, '2019', ''),
(1607, 'Akmal Akbar Algifari', 'D312121025', 6, '2021', ''),
(1608, 'Yordavi Gati Syakina', 'D312121026', 6, '2021', ''),
(1609, 'Aswad Magu', 'E512111009', 6, '2021', ''),
(1610, 'Mahadin', 'E512111010', 6, '2021', ''),
(1611, 'Abdusalam Fakoubun', 'D112111042', 3, '2021', ''),
(1612, 'Rian Riansyah', 'D112121061', 3, '2021', ''),
(1613, 'Riyan', 'D112121062', 3, '2021', ''),
(1614, 'Ricky Permana', 'E522111027', 5, '2021', ''),
(1615, 'Ryan Agusman', 'E522111028', 5, '2021', ''),
(1616, 'Anissa', 'E112111006', 7, '2021', ''),
(1617, 'Rizky Dwi Setyawan', 'D312111011', 6, '2021', ''),
(1618, 'Nadia Meythalia Setiawan', 'D122111028', 2, '2021', ''),
(1619, 'Tri Yoga Lesmana', 'E412121029', 9, '2021', ''),
(1620, 'Aini Hadijah', 'E712111037', 2, '2021', ''),
(1621, 'Edi Suhaedi', 'D312121027', 6, '2021', ''),
(1622, 'Wisnu Rifki Fauzan', 'E522111029', 5, '2021', ''),
(1623, 'Dinda Novianty', 'E112111007', 7, '2021', ''),
(1624, 'Irfan Mustofa', 'E112111008', 7, '2021', ''),
(1625, 'Marliana Oktaria Lifan', 'E112111009', 7, '2021', ''),
(1626, 'Nalda Aulia Asnur', 'E112111010', 7, '2021', ''),
(1627, 'Nazla Azlya Nurzaini', 'E112111011', 7, '2021', ''),
(1628, 'Nurfadila', 'E112111012', 7, '2021', ''),
(1629, 'Putri Eka Purnama', 'E112111013', 7, '2021', ''),
(1630, 'St. Nurmunkia Zulfiarni Musafir', 'E112111014', 7, '2021', ''),
(1631, 'Topan Patollong', 'E112111015', 7, '2021', ''),
(1632, 'Difa Maulidina Qadriyatunnisa', 'E112111016', 7, '2021', ''),
(1633, 'Ihsan', 'E112111017', 7, '2021', ''),
(1634, 'Muhammad Fitrah Balqiah', 'E112111018', 7, '2021', ''),
(1635, 'Nida Nurhaliza Putri Nudianti', 'E112111019', 7, '2021', ''),
(1636, 'Regina Ananda Allia Putri', 'E112111020', 7, '2021', ''),
(1637, 'Siska Aulia Safera', 'E112111021', 7, '2021', ''),
(1638, 'Serfian', 'E112111022', 7, '2021', ''),
(1640, 'Novita Qadariah', 'D212111033', 11, '2021', ''),
(1641, 'Rahmatia', 'D212111034', 11, '2021', ''),
(1642, 'Zaltin', 'D212111035', 11, '2021', ''),
(1643, 'Rahmat Gandy', 'D512111014', 1, '2021', ''),
(1644, 'LM Akbar Saputra', 'D322111009', 6, '2021', ''),
(1645, 'Muhammad Rabil Ubaidillah Al-Bathny', 'D322111010', 6, '2021', ''),
(1646, 'Algin Deo Ginoki', 'E312111014', 4, '2021', ''),
(1647, 'Anang Rivaldy Ari', 'E312111015', 4, '2021', ''),
(1648, 'Anang Trimawan', 'E312111016', 4, '2021', ''),
(1649, 'Arianti', 'E312111017', 4, '2021', ''),
(1650, 'Arlina Unang', 'E312111018', 4, '2021', ''),
(1651, 'Dede Andryansah', 'E312111019', 4, '2021', ''),
(1652, 'Fitri', 'E312111020', 4, '2021', ''),
(1653, 'Kurniati', 'E312111021', 4, '2021', ''),
(1654, 'Muh. Illyas', 'E312111022', 4, '2021', ''),
(1655, 'Andre Armico', 'E312111023', 4, '2021', ''),
(1656, 'Anggi Agustina', 'E312111024', 4, '2021', ''),
(1657, 'Budiman Budiarja', 'E312111025', 4, '2021', ''),
(1658, 'Dendra Rizky Maulana Sahid', 'E312111026', 4, '2021', ''),
(1659, 'Fariz Zulkarnaen', 'E312111027', 4, '2021', ''),
(1660, 'Lina Yuliyanti', 'E312111028', 4, '2021', ''),
(1661, 'Luthfi Hidayah', 'E312111029', 4, '2021', ''),
(1662, 'M. Khoirudin', 'E312111030', 4, '2021', ''),
(1663, 'Mawar Nurfadillah', 'E312111031', 4, '2021', ''),
(1664, 'Muhamad Fitroh Farhani', 'E312111032', 4, '2021', ''),
(1665, 'Muhammad Andry Juniawan', 'E312111033', 4, '2021', ''),
(1666, 'Nova Arianti Aris', 'E312111034', 4, '2021', ''),
(1667, 'Novendi Lejau', 'E312111035', 4, '2021', ''),
(1668, 'Wahyudi', 'E312111036', 4, '2021', ''),
(1669, 'Yehezkiel', 'E312111037', 4, '2021', ''),
(1670, 'Yoga Purnama Assidiq', 'E312111038', 4, '2021', ''),
(1671, 'Yuliana Ritna Bara', 'E312111039', 4, '2021', ''),
(1672, 'Akhmad Fitri Harissandi', 'E212111014', 8, '2021', ''),
(1673, 'Andhika Erlangga Muhammad Firmansyach', 'E212111015', 8, '2021', ''),
(1674, 'Daniel Mahendra Longdong', 'E212111016', 8, '2021', ''),
(1675, 'David Ifanly', 'E212111017', 8, '2021', ''),
(1676, 'DIMAS MUJIANTO', 'E212111018', 8, '2021', ''),
(1677, 'Elicukia', 'E212111019', 8, '2021', ''),
(1678, 'M. Sayful A.', 'E212111020', 8, '2021', ''),
(1679, 'Syaifudin Fery Maulana', 'E212111021', 8, '2021', ''),
(1680, 'Azwa Malik Haby', 'E212111022', 8, '2021', ''),
(1681, 'Hudri Ramadan', 'E212111023', 8, '2021', ''),
(1682, 'Ikbal Nur Salman', 'E212111024', 8, '2021', ''),
(1683, 'Muhammad Angga Saputra', 'E212111025', 8, '2021', ''),
(1684, 'Rabbani Rafsanjani Sofyan', 'E212111026', 8, '2021', ''),
(1685, 'Riki Ardiansyah', 'E212111027', 8, '2021', ''),
(1686, 'Ropah Septian Ardiansyah', 'E212111028', 8, '2021', ''),
(1687, 'Salman Sofyandi', 'E212111029', 8, '2021', ''),
(1688, 'Aditia Cahya Wiguna', 'E412121030', 9, '2021', ''),
(1689, 'Nuzul Karimah Fitrah', 'E312111040', 4, '2021', ''),
(1690, 'Nalda Aulia Asnur', 'E312111041', 4, '2021', ''),
(1691, 'Harfi Maharaj', 'E512111011', 6, '2021', ''),
(1692, 'Ahmad Rafi\' Kurniawan', 'E112111023', 7, '2021', ''),
(1693, 'Ammysach Sanny Melarry', 'E112111024', 7, '2021', ''),
(1694, 'Ananda Hariya Nugraha', 'E712131038', 2, '2019', ''),
(1695, 'Agung Pambudi', 'E611811001', 10, '2018', ''),
(1696, 'Deparida Nurusani', 'E611811002', 10, '2018', ''),
(1697, 'Gia Nurhalliza', 'E611811003', 10, '2018', ''),
(1698, 'Gisna Nurhalisa', 'E611811004', 10, '2018', ''),
(1699, 'Herdiansyah', 'E611811005', 10, '2018', ''),
(1700, 'Meidy Yuwanti Habary', 'E611811006', 10, '2018', ''),
(1701, 'Noer Halimah', 'E611811007', 10, '2018', ''),
(1702, 'Nurul Putri Rahmawati', 'E611811008', 10, '2018', ''),
(1703, 'Selvy Pitriyani', 'E611811009', 10, '2018', ''),
(1704, 'Silmiyanti Ramlan', 'E611811010', 10, '2018', ''),
(1705, 'Yogi Sopian', 'E611811011', 10, '2018', ''),
(1706, 'Yudiana', 'E611811012', 10, '2018', ''),
(1707, 'Ahmad Mulyana', 'E611821013', 10, '2018', ''),
(1708, 'Asep Jamaludin', 'E611821014', 10, '2018', ''),
(1709, 'Isma Herawati', 'E611821015', 10, '2018', ''),
(1710, 'Nuzurianto Romadhon', 'E611821016', 10, '2018', ''),
(1711, 'Anza Anzanu', 'D111811001', 3, '2018', ''),
(1712, 'Dina Shinta Lestari', 'D111811005', 3, '2018', ''),
(1713, 'Ega Lesmana', 'D111811006', 3, '2018', ''),
(1714, 'Fahri Hidayah Purba', 'D111811007', 3, '2018', ''),
(1715, 'Maharani Purnamasari', 'D111811015', 3, '2018', ''),
(1716, 'Mochamad Bustomi', 'D111811016', 3, '2018', ''),
(1717, 'Restu Sugesti Putri', 'D111811017', 3, '2018', ''),
(1718, 'Hendry Putra Kurniawan', 'D111811021', 3, '2018', ''),
(1719, 'Siti Patimah', 'D111811022', 3, '2018', ''),
(1720, 'Heri Hermawan', 'D111811031', 3, '2018', ''),
(1721, 'Naufan Zhafir', 'D111811044', 3, '2018', ''),
(1722, 'Dicky Ramdani', 'D111811047', 3, '2018', ''),
(1723, 'Judith Rifdanul Sayid', 'D111811052', 3, '2018', ''),
(1724, 'Sava Reyhano', 'D111811059', 3, '2018', ''),
(1725, 'Sopian', 'D111811060', 3, '2018', ''),
(1726, 'Abdul Rizki Anugrah', 'D111811063', 3, '2018', ''),
(1727, 'Deden Diana', 'D111811068', 3, '2018', ''),
(1728, 'Dimas Widyansyah', 'D111811069', 3, '2018', ''),
(1729, 'Ikhsan Tri Yulinarta', 'D111811073', 3, '2018', ''),
(1730, 'Muhammad Fiqri Indra Sentana', 'D111811079', 3, '2018', ''),
(1731, 'Shakti Hartono Putra', 'D111811082', 3, '2018', ''),
(1732, 'Tarisya Roshidha', 'D111811083', 3, '2018', ''),
(1733, 'Dio Abdallah', 'D111811111', 3, '2018', ''),
(1734, 'Barkah Try Subagya', 'D111811117', 3, '2018', ''),
(1735, 'Doni Andrianto', 'D111811120', 3, '2018', ''),
(1736, 'Putri Hanifah Maharanisa', 'D111811123', 3, '2018', ''),
(1737, 'Ahyar Setiawan', 'D111811125', 3, '2018', ''),
(1738, 'Ilham Abdul Aziz', 'D111811130', 3, '2018', ''),
(1739, 'Ayu Agustin', 'D111811002', 3, '2018', ''),
(1740, 'Bagas Seno Aji', 'D111811003', 3, '2018', ''),
(1741, 'Hudzaifah', 'D111811011', 3, '2018', ''),
(1742, 'Riski Risman', 'D111811018', 3, '2018', ''),
(1743, 'Salsabila Rizqia', 'D111811019', 3, '2018', ''),
(1744, 'Vinie Sahara', 'D111811023', 3, '2018', ''),
(1745, 'Imadudin', 'D111811051', 3, '2018', ''),
(1746, 'Kartika', 'D111811053', 3, '2018', ''),
(1747, 'Muhamad Yunus', 'D111811056', 3, '2018', ''),
(1748, 'Muhammad Fikri Ash Shiddiqy', 'D111811057', 3, '2018', ''),
(1749, 'Rivan Septiardi Firdaus', 'D111811058', 3, '2018', ''),
(1750, 'Alif Zakya Rafiq', 'D111811065', 3, '2018', ''),
(1751, 'Aries Sandi Nugraha', 'D111811066', 3, '2018', ''),
(1752, 'Gilang Prasetya', 'D111811072', 3, '2018', ''),
(1753, 'Mochammad Refki Febriani', 'D111811075', 3, '2018', ''),
(1754, 'Muhamad Abdul Azis', 'D111811076', 3, '2018', ''),
(1755, 'Rizky Alif Al Fadhlila', 'D111811080', 3, '2018', ''),
(1757, 'Gustia Abdul Rohman', 'D111811112', 3, '2018', ''),
(1758, 'Aldi Naufal Alfarisi', 'D111811115', 3, '2018', ''),
(1759, 'Daffa Nur Syamsa', 'D111811118', 3, '2018', ''),
(1760, 'Desy Anindita', 'D111811119', 3, '2018', ''),
(1761, 'Muhammad Saied', 'D111811124', 3, '2018', ''),
(1762, 'Indah Elviyana', 'D111811131', 3, '2018', ''),
(1763, 'Moh.Abi Hanifah', 'D111811132', 3, '2018', ''),
(1764, 'Redho Prasetyo', 'D111811135', 3, '2018', ''),
(1765, 'Lukmanul Hakim', 'D111811137', 3, '2018', ''),
(1766, 'Zainul Amri Harahap', 'D111811144', 3, '2018', ''),
(1767, 'Deki Sukarnain', 'D111811004', 3, '2018', ''),
(1768, 'Arief Mursyid Al-Rijal', 'D111811010', 3, '2018', ''),
(1769, 'Ihsan Sayid Muharrom', 'D111811012', 3, '2018', ''),
(1770, 'Ismail Harits Al Fihri', 'D111811014', 3, '2018', ''),
(1771, 'Sapta Gunawan', 'D111811020', 3, '2018', ''),
(1772, 'Annisa Nur Ramadhani', 'D111811027', 3, '2018', ''),
(1773, 'Ilham Maulana', 'D111811046', 3, '2018', ''),
(1774, 'Firman Yulian Putra', 'D111811048', 3, '2018', ''),
(1775, 'Gantira Suriadinata', 'D111811049', 3, '2018', ''),
(1776, 'Guna Agissagrata', 'D111811050', 3, '2018', ''),
(1777, 'Mohammad Rizki Fajar', 'D111811054', 3, '2018', ''),
(1778, 'Taufik Nur Hidayat', 'D111811061', 3, '2018', ''),
(1779, 'Yoga Apriansyah', 'D111811062', 3, '2018', ''),
(1780, 'Aisyah Harum', 'D111811064', 3, '2018', ''),
(1781, 'Cecep Nurhidayat', 'D111811067', 3, '2018', ''),
(1782, 'Faizal Rifki Azis', 'D111811070', 3, '2018', ''),
(1783, 'Irdant Arya Pradhana', 'D111811074', 3, '2018', ''),
(1784, 'Muhamad Rizal Fathur Rochman', 'D111811077', 3, '2018', ''),
(1785, 'Saepul Rohman', 'D111811081', 3, '2018', ''),
(1786, 'Yahyu Hazarun Karimah', 'D111811084', 3, '2018', ''),
(1787, 'Ahmad Pathul Aripin', 'D111811114', 3, '2018', ''),
(1788, 'Andra Adi Nugraha', 'D111811116', 3, '2018', ''),
(1789, 'Muhamad Arrizki Anggara', 'D111811122', 3, '2018', ''),
(1790, 'Cecep Abdul Rohim', 'D111811126', 3, '2018', '');
INSERT INTO `mahasiswa` (`id`, `nama_lengkap`, `nim`, `program_studi`, `periode`, `foto`) VALUES
(1791, 'Sandi Suryono', 'D111811134', 3, '2018', ''),
(1792, 'Shaumi Noer Lestari', 'D111811136', 3, '2018', ''),
(1793, 'Yoga Radika Mahendra', 'D111811138', 3, '2018', ''),
(1794, 'Zenal Aripin', 'D111811145', 3, '2018', ''),
(1795, 'Aliya Nur Hanifah', 'D111811008', 3, '2018', ''),
(1796, 'Desi Wijaya', 'D111811013', 3, '2018', ''),
(1797, 'Siti Sonia', 'D111811024', 3, '2018', ''),
(1798, 'Adhitia Rachman', 'D111811025', 3, '2018', ''),
(1799, 'Karlindya Nurul Hasya', 'D111811026', 3, '2018', ''),
(1800, 'Rizal Jeva Ardana', 'D111811028', 3, '2018', ''),
(1801, 'Juhaeri Muhamad Ramdani', 'D111811029', 3, '2018', ''),
(1802, 'Hilman Ihsanuddin', 'D111811032', 3, '2018', ''),
(1803, 'Renata Putri Yuniarti', 'D111811033', 3, '2018', ''),
(1804, 'Kristiana Pajar', 'D111811034', 3, '2018', ''),
(1805, 'Septi Wahyuni', 'D111811035', 3, '2018', ''),
(1806, 'Muhammad Fikri Wendiana', 'D111811036', 3, '2018', ''),
(1807, 'Ari Muhamad Sobari', 'D111811037', 3, '2018', ''),
(1808, 'Novia Nur Afifah', 'D111811038', 3, '2018', ''),
(1809, 'Demisa Iqlima', 'D111811039', 3, '2018', ''),
(1810, 'Ilma Wulansari', 'D111811045', 3, '2018', ''),
(1811, 'Ladya Pratiwi', 'D111811071', 3, '2018', ''),
(1812, 'Sri Mulyani', 'D111811140', 3, '2018', ''),
(1813, 'Elin Nia Kurniati', 'D111811141', 3, '2018', ''),
(1814, 'Yusni Saripudin', 'D111811142', 3, '2018', ''),
(1815, 'Willy Pascal Alifiansyah', 'D111811143', 3, '2018', ''),
(1816, 'Al Azmi Purwanto', 'D111821120', 3, '2018', ''),
(1817, 'Amirul Fadillah', 'D111821085', 3, '2018', ''),
(1818, 'Asep Mahmud', 'D111821087', 3, '2018', ''),
(1819, 'Cahya Ramdani', 'D111821088', 3, '2018', ''),
(1820, 'Dani Setiawan', 'D111821089', 3, '2018', ''),
(1821, 'Dika Prasetya Darmawan', 'D111821090', 3, '2018', ''),
(1822, 'Faisal Alif Ramadhan', 'D111821091', 3, '2018', ''),
(1823, 'Faishal Ramadhany Sukandar', 'D111821092', 3, '2018', ''),
(1824, 'Hisyam Arieff Hs', 'D111821093', 3, '2018', ''),
(1825, 'Intan Yulianita', 'D111821094', 3, '2018', ''),
(1826, 'Maura Yuliana Putri', 'D111821095', 3, '2018', ''),
(1827, 'Mohamad Radisha Dwinanda Putra', 'D111821096', 3, '2018', ''),
(1828, 'Muhamad Mubarok', 'D111821097', 3, '2018', ''),
(1829, 'Muhammad Firmansyah Apendi', 'D111821098', 3, '2018', ''),
(1830, 'Diman Rahmat', 'D111821100', 3, '2018', ''),
(1831, 'Shaffira Kusuma Wardhani', 'D111821101', 3, '2018', ''),
(1832, 'Syeh Biaggie', 'D111821102', 3, '2018', ''),
(1833, 'Teddy Hidayat', 'D111821103', 3, '2018', ''),
(1834, 'Via Despiyanti', 'D111821105', 3, '2018', ''),
(1835, 'Wiwin Windarti', 'D111821106', 3, '2018', ''),
(1836, 'Yoga Permana', 'D111821109', 3, '2018', ''),
(1837, 'Maulana Ibrahim', 'D111821113', 3, '2018', ''),
(1838, 'Adam Rosandi', 'E711811001', 2, '2018', ''),
(1839, 'Alaminsyah', 'E711811002', 2, '2018', ''),
(1840, 'Annisya Nadia Ruana', 'E711811003', 2, '2018', ''),
(1841, 'Destia Sopia Marwah', 'E711811005', 2, '2018', ''),
(1842, 'Dian Febryanti', 'E711811006', 2, '2018', ''),
(1843, 'Dina Nuryuliana Sukawati', 'E711811007', 2, '2018', ''),
(1844, 'Dinda Ayu Sriwahyuni', 'E711811008', 2, '2018', ''),
(1845, 'Elisa Karla', 'E711811009', 2, '2018', ''),
(1846, 'Fitria Ramadhani Karim', 'E711811010', 2, '2018', ''),
(1847, 'Indah Mulia Farisa', 'E711811011', 2, '2018', ''),
(1848, 'Isvilani Hardie Fasyani Malhaq', 'E711811012', 2, '2018', ''),
(1849, 'M Alif Zayyan', 'E711811014', 2, '2018', ''),
(1850, 'Maharani Risma Octavianti', 'E711811015', 2, '2018', ''),
(1851, 'Melda Arianti', 'E711811016', 2, '2018', ''),
(1852, 'Muhammad Nuril Huda', 'E711811017', 2, '2018', ''),
(1853, 'Nadila Resya Astiani', 'E711811018', 2, '2018', ''),
(1854, 'Ninik Widianingsih', 'E711811019', 2, '2018', ''),
(1855, 'Rahmayani', 'E711811020', 2, '2018', ''),
(1856, 'Riana Haryani', 'E711811021', 2, '2018', ''),
(1857, 'Rizal Rizwana', 'E711811022', 2, '2018', ''),
(1858, 'Sairawanti Perhatiana', 'E711811023', 2, '2018', ''),
(1859, 'Setya Apriyanti', 'E711811024', 2, '2018', ''),
(1860, 'Sofie Dherara', 'E711811026', 2, '2018', ''),
(1861, 'Syifa Ali Abdul Aziz', 'E711811027', 2, '2018', ''),
(1862, 'Tedi Sepriadi', 'E711811028', 2, '2018', ''),
(1863, 'Vira Septia Nurjanah', 'E711811029', 2, '2018', ''),
(1864, 'Witriah Destriani', 'E711811030', 2, '2018', ''),
(1865, 'Wiwin Tri Antika', 'E711811031', 2, '2018', ''),
(1866, 'Yeriska', 'E711811032', 2, '2018', ''),
(1867, 'Ajeng Try Aulia', 'E711811033', 2, '2018', ''),
(1868, 'Andreo Gaferoh', 'E711811034', 2, '2018', ''),
(1869, 'Apriani Arsad', 'E711811035', 2, '2018', ''),
(1870, 'Dea Wulandari', 'E711811036', 2, '2018', ''),
(1871, 'Dewi Astuti', 'E711811037', 2, '2018', ''),
(1872, 'Dwi Novita Sari', 'E711811038', 2, '2018', ''),
(1873, 'Fauzan Muhammad Firdaus', 'E711811039', 2, '2018', ''),
(1874, 'Hasna Khoerunnisa', 'E711811040', 2, '2018', ''),
(1875, 'Irgi Sanda Padisa', 'E711811041', 2, '2018', ''),
(1876, 'Izka Nur Salsabila', 'E711811042', 2, '2018', ''),
(1877, 'Justina Rahayu', 'E711811043', 2, '2018', ''),
(1878, 'Kariyudin Saudi', 'E711811044', 2, '2018', ''),
(1879, 'Kgs M Fauzan Fajari', 'E711811045', 2, '2018', ''),
(1880, 'M Arif Abdillah', 'E711811046', 2, '2018', ''),
(1881, 'Mega Juli Utami', 'E711811047', 2, '2018', ''),
(1882, 'Meliaranti', 'E711811048', 2, '2018', ''),
(1883, 'Nabila Tyana Rahman', 'E711811049', 2, '2018', ''),
(1884, 'Nadila Pratiwi', 'E711811050', 2, '2018', ''),
(1885, 'Novi Irawati', 'E711811051', 2, '2018', ''),
(1886, 'Nur Fatri Amalia', 'E711811052', 2, '2018', ''),
(1887, 'Nur Linda', 'E711811053', 2, '2018', ''),
(1888, 'Ramananda Jadid Syahdan', 'E711811054', 2, '2018', ''),
(1889, 'Rismawati', 'E711811055', 2, '2018', ''),
(1890, 'Ruliyan Hardiani', 'E711811056', 2, '2018', ''),
(1891, 'Shella Rahmawati', 'E711811058', 2, '2018', ''),
(1892, 'Siti Nurmin Idayanti', 'E711811059', 2, '2018', ''),
(1893, 'Sy Nur Qamaria Albaar', 'E711811060', 2, '2018', ''),
(1894, 'Tasya Dwi Kurnia', 'E711811061', 2, '2018', ''),
(1895, 'Vica Vijayanti', 'E711811062', 2, '2018', ''),
(1896, 'Winda Hadianti Khairiyyah', 'E711811063', 2, '2018', ''),
(1897, 'Manda Tiyan Ahnaf', 'E711811064', 2, '2018', ''),
(1898, 'Irvan H.HI. Jafar', 'E711811065', 2, '2018', ''),
(1899, 'Fuji Mahardika', 'E711821066', 2, '2018', ''),
(1900, 'Nadya Dewi Pertiwi', 'E711821067', 2, '2018', ''),
(1901, 'Rika Risti Fauziah', 'E711821068', 2, '2018', ''),
(1902, 'Sahrul Rijal', 'E711821069', 2, '2018', ''),
(1903, 'Septy Bunga Rindu', 'E711821070', 2, '2018', ''),
(1904, 'Wawang Novalita', 'E711821072', 2, '2018', ''),
(1905, 'Siti Nurfalah', 'E711821025', 2, '2018', ''),
(1906, 'Muhammad Naufal Putra', 'E711821073', 2, '2018', ''),
(1907, 'Julya Sari Sopandi', 'E711811013', 2, '2018', ''),
(1908, 'Ardiansyah Saputra', 'E711821004', 2, '2018', ''),
(1909, 'Leoni Yeliana', 'E711821074', 2, '2018', ''),
(1910, 'Dias Refi Andini', 'E111811002', 7, '2018', ''),
(1911, 'Fitri Khomairoh Damayanti', 'E111811003', 7, '2018', ''),
(1912, 'Ladeara Shaqira Azzahra', 'E111811004', 7, '2018', ''),
(1913, 'Liani Hoirunisa', 'E111811005', 7, '2018', ''),
(1914, 'Mega Melinda', 'E111811006', 7, '2018', ''),
(1915, 'Rinda Rahmawati', 'E111811007', 7, '2018', ''),
(1916, 'Riri Rahayu', 'E111811008', 7, '2018', ''),
(1917, 'Syafira Ayunda Pramesthi', 'E111811010', 7, '2018', ''),
(1918, 'Tri Susilawati Febriyani', 'E111811011', 7, '2018', ''),
(1919, 'Vania Afifah Damayanti', 'E111811012', 7, '2018', ''),
(1920, 'Widi Junizar Herlambang', 'E111811013', 7, '2018', ''),
(1921, 'Imas Mulyani', 'E111811030', 7, '2018', ''),
(1922, 'Angga Agung Priatna', 'E111821014', 7, '2018', ''),
(1923, 'Aprilyani Nurhasanah', 'E111821015', 7, '2018', ''),
(1924, 'Cecep Sodik Saputra', 'E111821016', 7, '2018', ''),
(1925, 'Dian Nuraeni', 'E111821017', 7, '2018', ''),
(1926, 'Fakhrul Ramadhan T', 'E111821018', 7, '2018', ''),
(1927, 'Farindra Novansa', 'E111821019', 7, '2018', ''),
(1928, 'Goparudin', 'E111821020', 7, '2018', ''),
(1929, 'Intan Namira Revizeria', 'E111821021', 7, '2018', ''),
(1930, 'Moch. Yusuf Ilyasyah', 'E111821022', 7, '2018', ''),
(1931, 'Novy Cintya Mustika Putri', 'E111821023', 7, '2018', ''),
(1932, 'Seila Rizky Nurliani', 'E111821025', 7, '2018', ''),
(1933, 'Sina Khoirinisa', 'E111821026', 7, '2018', ''),
(1934, 'Vivi Dusti Setya Ningrum', 'E111821029', 7, '2018', ''),
(1935, 'Siti Mahmudah', 'E111821031', 7, '2018', ''),
(1936, 'Anggi Rahmana', 'E411811001', 9, '2018', ''),
(1937, 'Faisal Firdaus Maulana', 'E411811002', 9, '2018', ''),
(1938, 'Jidan Fikri Maulana', 'E411811003', 9, '2018', ''),
(1939, 'Jonfiter Saruksuk', 'E411811004', 9, '2018', ''),
(1940, 'Maulana Yusuf Ibrahim', 'E411811005', 9, '2018', ''),
(1941, 'Michael Arnol Parasian Sitorus', 'E411811006', 9, '2018', ''),
(1942, 'Muhamad Farhan Aziz', 'E411811007', 9, '2018', ''),
(1943, 'Muhammad Fauzan Akbar Daulay', 'E411811008', 9, '2018', ''),
(1944, 'Mohammad Ilyas', 'E411811009', 9, '2018', ''),
(1945, 'Prasetyo Eko Sucipto', 'E411811010', 9, '2018', ''),
(1946, 'Rio Arie Shandy Sitanggang', 'E411811011', 9, '2018', ''),
(1947, 'Fendika Setiawan Nugraha', 'E411811029', 9, '2018', ''),
(1948, 'Ade Supratman', 'E411821012', 9, '2018', ''),
(1949, 'Agung Sumbowo', 'E411821013', 9, '2018', ''),
(1950, 'Andri Bagja Purnama', 'E411821014', 9, '2018', ''),
(1951, 'Aulia Nur\'Ahsan', 'E411821015', 9, '2018', ''),
(1952, 'Carollin Baretina Sitompul', 'E411821016', 9, '2018', ''),
(1953, 'Deri Irawan Prayoga', 'E411821017', 9, '2018', ''),
(1954, 'Eris Rivaldi', 'E411821018', 9, '2018', ''),
(1955, 'Fajar Hidayat', 'E411821019', 9, '2018', ''),
(1956, 'Ilham Faturrachman', 'E411821020', 9, '2018', ''),
(1957, 'Luky', 'E411821021', 9, '2018', ''),
(1958, 'Miftah Abdullah Ridwan', 'E411821022', 9, '2018', ''),
(1959, 'Muhammad Farhan Azhari', 'E411821023', 9, '2018', ''),
(1960, 'Mutajadid Sahalludin. Ali', 'E411821024', 9, '2018', ''),
(1961, 'Pratama Putra Muharram Nasution', 'E411821025', 9, '2018', ''),
(1962, 'Reyhan Rahadiansyah', 'E411821026', 9, '2018', ''),
(1963, 'Rizky Nurul Fauzi', 'E411821027', 9, '2018', ''),
(1964, 'Sandi Aji', 'E411821028', 9, '2018', ''),
(1965, 'Ai Susilawati', 'D211811001', 11, '2018', ''),
(1966, 'Ajeng Sekartini', 'D211811003', 11, '2018', ''),
(1967, 'Amanda Adelina Putri', 'D211811004', 11, '2018', ''),
(1968, 'Anindita Nur Andiva', 'D211811005', 11, '2018', ''),
(1969, 'Fera Miliani', 'D211811008', 11, '2018', ''),
(1970, 'Fitria Laila Sarampang', 'D211811009', 11, '2018', ''),
(1971, 'Hajrah', 'D211811010', 11, '2018', ''),
(1972, 'Mulya Syaiful Anwar', 'D211811012', 11, '2018', ''),
(1973, 'Nita Nurazizah', 'D211811013', 11, '2018', ''),
(1974, 'Reska Aulia', 'D211811014', 11, '2018', ''),
(1975, 'Suci Rahmawati', 'D211811016', 11, '2018', ''),
(1976, 'Anisha Handayani', 'D211811019', 11, '2018', ''),
(1977, 'Asep Kupiyansah', 'D211811020', 11, '2018', ''),
(1978, 'Erwin Maulana', 'D211811021', 11, '2018', ''),
(1979, 'Fauzi Hidayat', 'D211811022', 11, '2018', ''),
(1980, 'Findri Fauzi', 'D211811023', 11, '2018', ''),
(1981, 'Handrian Fransiskus Silaen', 'D211811024', 11, '2018', ''),
(1982, 'Hera Sulastri', 'D211811025', 11, '2018', ''),
(1983, 'Ilyas Permana', 'D211811026', 11, '2018', ''),
(1984, 'Lilis Lina Karlina', 'D211811027', 11, '2018', ''),
(1985, 'Mila Nurlatifah', 'D211811028', 11, '2018', ''),
(1986, 'Nazla Fabila', 'D211811029', 11, '2018', ''),
(1987, 'Nita Yulianti', 'D211811030', 11, '2018', ''),
(1988, 'Novia Nurma\'rufah', 'D211811031', 11, '2018', ''),
(1989, 'Puri Isna Mareta', 'D211811032', 11, '2018', ''),
(1990, 'Tsarra Rattu Kamila', 'D211811034', 11, '2018', ''),
(1991, 'Kristia Dewi', 'D211811011', 11, '2018', ''),
(1992, 'Wa Ode Iinharbiulsari I', 'D211811017', 11, '2018', ''),
(1993, 'Adistya Regina Dewi', 'D211811043', 11, '2018', ''),
(1994, 'Ai Nuryati', 'D211811041', 11, '2018', ''),
(1995, 'Dini Rindiani', 'D211811042', 11, '2018', ''),
(1996, 'Lia Nurasiah', 'D211811046', 11, '2018', ''),
(1997, 'Muhamad Naufal Istikhori', 'D211811049', 11, '2018', ''),
(1998, 'M.Muhibudin', 'D211811050', 11, '2018', ''),
(1999, 'Neng Ela Siti Rohmah', 'D211811051', 11, '2018', ''),
(2000, 'Ismail Zaidan', 'D211811052', 11, '2018', ''),
(2001, 'Dicky Bayu Nugraha S.H', 'D211811053', 11, '2018', ''),
(2002, 'Riska Agustina', 'D211811056', 11, '2018', ''),
(2003, 'Sandy Ardyansyah', 'D211811059', 11, '2018', ''),
(2004, 'Sara Nurasiah', 'D211811061', 11, '2018', ''),
(2005, 'Wahyu Muhamad Nabis Al Wahid .', 'D211811063', 11, '2018', ''),
(2006, 'Yani Siti Munawaroh', 'D211811064', 11, '2018', ''),
(2007, 'Yustika Nurul Fadillah', 'D211811065', 11, '2018', ''),
(2008, 'Indah Susena', 'D211811066', 11, '2018', ''),
(2009, 'Feri Setiawan', 'D211811067', 11, '2018', ''),
(2010, 'Revalina Noor Hidayat', 'D211811068', 11, '2018', ''),
(2011, 'Ummi Hani', 'D211811035', 11, '2018', ''),
(2012, 'Wahyu Andri Purnomo', 'D211811036', 11, '2018', ''),
(2013, 'Winda Setiani Nasution', 'D211811037', 11, '2018', ''),
(2014, 'Wulan Nur Endah Sari', 'D211811038', 11, '2018', ''),
(2015, 'Yoga Permana', 'D211811039', 11, '2018', ''),
(2016, 'Teresia Pita', 'D211811040', 11, '2018', ''),
(2017, 'Arya Pratama Putra', 'D511811001', 1, '2018', ''),
(2018, 'Asep Setiawan', 'D511811002', 1, '2018', ''),
(2019, 'Aswat Aswandy Lambero', 'D511811003', 1, '2018', ''),
(2020, 'Cepi Luthfi Rizwan', 'D511811004', 1, '2018', ''),
(2021, 'Deni Agus Juhari', 'D511811005', 1, '2018', ''),
(2022, 'Eep Saepulloh', 'D511811006', 1, '2018', ''),
(2023, 'Eliani', 'D511811007', 1, '2018', ''),
(2024, 'Farhan Aidil Viza', 'D511811008', 1, '2018', ''),
(2025, 'Fikri Ahmad Zein', 'D511811009', 1, '2018', ''),
(2026, 'Harmin', 'D511811010', 1, '2018', ''),
(2027, 'Hasnyiman', 'D511811011', 1, '2018', ''),
(2028, 'Ichsan Hidaya Rifaham', 'D511811012', 1, '2018', ''),
(2029, 'Imas Nurhayati', 'D511811013', 1, '2018', ''),
(2030, 'Irsyad Fadila Rahman', 'D511811014', 1, '2018', ''),
(2031, 'M Istamiul Makhdis', 'D511811015', 1, '2018', ''),
(2032, 'Muh Bayu Yusril AL Hasan', 'D511811017', 1, '2018', ''),
(2033, 'Muhamad Ridwan', 'D511811018', 1, '2018', ''),
(2034, 'Rian Andhika Putra', 'D511811019', 1, '2018', ''),
(2035, 'Ridho Cikal Daffa', 'D511811020', 1, '2018', ''),
(2036, 'Ridhwan Muhammad Fauzan Rahmatullah', 'D511811021', 1, '2018', ''),
(2037, 'Taufik Nur Ismail', 'D511811022', 1, '2018', ''),
(2038, 'Widia Pusptasari Asmawati', 'D511811023', 1, '2018', ''),
(2039, 'Reski Adi Kusuma', 'D511811024', 1, '2018', ''),
(2040, 'Agung Sulaeman', 'E511811001', 6, '2018', ''),
(2041, 'Akbar Malikul Mulki', 'E511811002', 6, '2018', ''),
(2042, 'Alexander Fernando', 'E511811004', 6, '2018', ''),
(2043, 'Bryan Natanael Sidauruk', 'E511811006', 6, '2018', ''),
(2044, 'Fadhel Ghani Kurniawan', 'E511811007', 6, '2018', ''),
(2045, 'Faldi Alvianus', 'E511811008', 6, '2018', ''),
(2046, 'Mochamad Rizki Pratama', 'E511811009', 6, '2018', ''),
(2047, 'Mohamad Arya Rehyansah', 'E511811010', 6, '2018', ''),
(2048, 'Muhammad Fadhilah Habibuddin', 'E511811011', 6, '2018', ''),
(2049, 'Muhammad Arif', 'E511811012', 6, '2018', ''),
(2050, 'Oka Oktapiar Nugraha', 'E511811013', 6, '2018', ''),
(2051, 'Pedro Damio Pereira Magno', 'E511811014', 6, '2018', ''),
(2052, 'Rio Haryono', 'E511811017', 6, '2018', ''),
(2053, 'Rizky Listyan Wiranto', 'E511811018', 6, '2018', ''),
(2054, 'Sandy Muhamad Fadilah', 'E511811019', 6, '2018', ''),
(2055, 'Tirta Putra Utama', 'E511811021', 6, '2018', ''),
(2056, 'Tito Syaiful Hakim', 'E511811022', 6, '2018', ''),
(2057, 'Vava Alfian Nurromadhoni', 'E511811023', 6, '2018', ''),
(2058, 'Yudhi Dharma Putra', 'E511811024', 6, '2018', ''),
(2059, 'Rifqi Assidik', 'E511811070', 6, '2018', ''),
(2060, 'Angga Bagusrizky Abdillah', 'D311811001', 6, '2018', ''),
(2061, 'Heri Aziz Kotari', 'D311811002', 6, '2018', ''),
(2062, 'Mochamad Alvin Fauzi', 'D311811003', 6, '2018', ''),
(2063, 'Abdurrahman Rifqi Wibowo', 'D311811007', 6, '2018', ''),
(2064, 'Aditya Darmawan', 'D311811008', 6, '2018', ''),
(2065, 'Afrizal Moechamad Saleh', 'D311811009', 6, '2018', ''),
(2066, 'Ahmad Rifai', 'D311811010', 6, '2018', ''),
(2067, 'Aldi Anggara Rafizqi', 'D311811011', 6, '2018', ''),
(2068, 'Azi Mutaqin', 'D311811012', 6, '2018', ''),
(2069, 'Christoper Jamessingly Sapan Bethony', 'D311811013', 6, '2018', ''),
(2070, 'Deri Ramdani', 'D311811014', 6, '2018', ''),
(2071, 'Dicky Fakhriansyah', 'D311811015', 6, '2018', ''),
(2072, 'Doni Maulana', 'D311811016', 6, '2018', ''),
(2073, 'Doni Junaedi', 'D311811017', 6, '2018', ''),
(2074, 'Eden Sutria Nurjaman', 'D311811018', 6, '2018', ''),
(2075, 'Fachriansyah Pratama', 'D311811019', 6, '2018', ''),
(2076, 'Fahmi Ahmad Fadilah', 'D311811020', 6, '2018', ''),
(2077, 'Frizi Miftahul Haq', 'D311811022', 6, '2018', ''),
(2078, 'Herdiansyah Sidik', 'D311811023', 6, '2018', ''),
(2079, 'M. Alfarizi', 'D311811024', 6, '2018', ''),
(2080, 'M. Zakaria', 'D311811025', 6, '2018', ''),
(2081, 'Muhammad Fajar Aliffansyah', 'D311811026', 6, '2018', ''),
(2082, 'Muhammad Zadnan Dito Prasetio', 'D311811027', 6, '2018', ''),
(2083, 'Muhamad Dwi Rivaldi', 'D311811028', 6, '2018', ''),
(2084, 'Muhammad Ismail', 'D311811029', 6, '2018', ''),
(2085, 'Rendy', 'D311811030', 6, '2018', ''),
(2086, 'Setiawan Djodi', 'D311811031', 6, '2018', ''),
(2087, 'Suhendrik Hsb', 'D311811032', 6, '2018', ''),
(2088, 'Syam Amrullah Karim', 'D311811033', 6, '2018', ''),
(2089, 'Vigo Juandra', 'D311811034', 6, '2018', ''),
(2090, 'Zara Amalia Arasy', 'D311811035', 6, '2018', ''),
(2091, 'Muhamad Faizal Iskandarsyah', 'D311811061', 6, '2018', ''),
(2092, 'Andin Fitriani', 'D311811062', 6, '2018', ''),
(2093, 'Ariansyah', 'D311811078', 6, '2018', ''),
(2094, 'Dinda Dina Riani', 'D311811079', 6, '2018', ''),
(2095, 'Harly Firdiansyah', 'D311811080', 6, '2018', ''),
(2096, 'Muhamad Rizal', 'D311811082', 6, '2018', ''),
(2097, 'Nurman Rukmana', 'D311811083', 6, '2018', ''),
(2098, 'M Fahri Lubis', 'D311811081', 6, '2018', ''),
(2099, 'Harun Arrasyid', 'D311811085', 6, '2018', ''),
(2100, 'Muhammad Mahyaruddin Siregar', 'D311811087', 6, '2018', ''),
(2101, 'Anggie Mullki Prathama', 'D311821036', 6, '2018', ''),
(2102, 'Asep Cahya Jaya', 'D311821038', 6, '2018', ''),
(2103, 'Danang Alfaridzi', 'D311821037', 6, '2018', ''),
(2104, 'Dedi Supriatna', 'D311821039', 6, '2018', ''),
(2105, 'Dudung Hidayat', 'D311821041', 6, '2018', ''),
(2106, 'Fajar Nur Ibrahim', 'D311821042', 6, '2018', ''),
(2107, 'Fajar Anas Purnama', 'D311821043', 6, '2018', ''),
(2108, 'Frederik Sabarino', 'D311821044', 6, '2018', ''),
(2109, 'Hendra Setiawan', 'D311821046', 6, '2018', ''),
(2110, 'Moh. Rafi Abdul Rahmat', 'D311821048', 6, '2018', ''),
(2111, 'Muhamad Rizal', 'D311821047', 6, '2018', ''),
(2112, 'Mustofa Abdul Basir', 'D311821051', 6, '2018', ''),
(2113, 'Restu Ariyadi', 'D311821061', 6, '2018', ''),
(2114, 'Rifki Rizkiandi', 'D311821053', 6, '2018', ''),
(2115, 'Riky Rachman', 'D311821054', 6, '2018', ''),
(2116, 'Ryan Ferdiansyah', 'D311821055', 6, '2018', ''),
(2117, 'Wandi Ardian', 'D311821056', 6, '2018', ''),
(2118, 'Yogi Lukmanul Hakim', 'D311821059', 6, '2018', ''),
(2119, 'Yusep Priandi', 'D311821058', 6, '2018', ''),
(2120, 'Nafilah Nur Azizah', 'D321811004', 6, '2018', ''),
(2121, 'Yusuf Juwansyah', 'D321811006', 6, '2018', ''),
(2122, 'Aziz Naufal Fadhilah', 'D321811068', 6, '2018', ''),
(2123, 'Eksan Ahmad Kurniawan', 'D321811069', 6, '2018', ''),
(2124, 'Fiqri Rizqika Fajar Hidayat', 'D321811070', 6, '2018', ''),
(2125, 'Hadi Muhtadi', 'D321811071', 6, '2018', ''),
(2126, 'Moch Nur Faizi Supriatna', 'D321811072', 6, '2018', ''),
(2127, 'Muhammad Quraish Jumaati', 'D321811073', 6, '2018', ''),
(2128, 'Muhammad Ismail Ash Shiddiq', 'D321811074', 6, '2018', ''),
(2129, 'Muhammad Rizqi Fauzan', 'D321811075', 6, '2018', ''),
(2130, 'Muhammad Zaki Tazakka', 'D321811076', 6, '2018', ''),
(2131, 'Pupung Rifaldi. BZ', 'D321811077', 6, '2018', ''),
(2132, 'Ariya Arsyad', 'D411811001', 12, '2018', ''),
(2133, 'Fikri Herdiansyah', 'D411811002', 12, '2018', ''),
(2134, 'Hafizh Hizbullah Muhammad', 'D411811003', 12, '2018', ''),
(2135, 'M. Rizal Ashshidiq', 'D411811004', 12, '2018', ''),
(2136, 'Muh. Fadil Mamua', 'D411811005', 12, '2018', ''),
(2137, 'Muh. Fazal Mulana', 'D411811006', 12, '2018', ''),
(2138, 'Muhamad Aldini Dazali', 'D411811007', 12, '2018', ''),
(2139, 'Raden Raihan Salsabila', 'D411811008', 12, '2018', ''),
(2140, 'Sabila Miftahul Ghina', 'D411811009', 12, '2018', ''),
(2141, 'A. Dicky Hendrawan', 'D411811010', 12, '2018', ''),
(2142, 'Ahmad Saepudin', 'D411811011', 12, '2018', ''),
(2143, 'Alwi Najar Maulana', 'D411811012', 12, '2018', ''),
(2144, 'Ariandy Nurmawan', 'D411811013', 12, '2018', ''),
(2145, 'Asri Wijaya', 'D411811014', 12, '2018', ''),
(2146, 'Dicki Darmawan', 'D411811015', 12, '2018', ''),
(2147, 'Hengky Pirnandes', 'D411811016', 12, '2018', ''),
(2148, 'Mei Anggara', 'D411811018', 12, '2018', ''),
(2149, 'Muhammad Siddik Alfajri', 'D411811019', 12, '2018', ''),
(2150, 'Riki Saputra', 'D411811020', 12, '2018', ''),
(2151, 'Rizky Wijaya', 'D411811021', 12, '2018', ''),
(2152, 'Siti Triza Fati Maharani', 'D411811022', 12, '2018', ''),
(2153, 'Syahrul Rozi', 'D411811023', 12, '2018', ''),
(2154, 'Wahyu Putra Pratama', 'D411811024', 12, '2018', ''),
(2155, 'Alfian Tri Nurrasyidin', 'D411811051', 12, '2018', ''),
(2156, 'Agung Ahmad Efandi', 'D411811025', 12, '2018', ''),
(2157, 'Alji Leanardi', 'D411811026', 12, '2018', ''),
(2158, 'Arya Zaenudin', 'D411811027', 12, '2018', ''),
(2159, 'Cris Nur Fajar', 'D411811028', 12, '2018', ''),
(2160, 'Faizal Aziz Ibrahim', 'D411811029', 12, '2018', ''),
(2161, 'Farhan Wahyudi', 'D411811030', 12, '2018', ''),
(2162, 'Giland Ramadan', 'D411811031', 12, '2018', ''),
(2163, 'Ilham Suryanto', 'D411811032', 12, '2018', ''),
(2164, 'Iqbal Aulia Ramadhani', 'D411811033', 12, '2018', ''),
(2165, 'Iskandar Muda', 'D411811034', 12, '2018', ''),
(2166, 'Muhammad Rizki Raihan Fareza', 'D411811035', 12, '2018', ''),
(2167, 'Muhammad Agung Dwi Putra', 'D411811036', 12, '2018', ''),
(2168, 'Mochamad Ilham Pratama', 'D411811037', 12, '2018', ''),
(2169, 'Muhamad Pugar', 'D411811038', 12, '2018', ''),
(2170, 'Muhammad Arik', 'D411811039', 12, '2018', ''),
(2171, 'Muhammad Rifqi Fadhillah', 'D411811040', 12, '2018', ''),
(2172, 'Raditya Shalsa Rivansyah', 'D411811041', 12, '2018', ''),
(2173, 'Reza Permana', 'D411811042', 12, '2018', ''),
(2174, 'Rifaldiy Herdiawan Saputra', 'D411811043', 12, '2018', ''),
(2175, 'Rifki Ahmad Hanifan', 'D411811044', 12, '2018', ''),
(2176, 'Rivaldi Mustafa', 'D411811045', 12, '2018', ''),
(2177, 'Ryan Ramadoni', 'D411811046', 12, '2018', ''),
(2178, 'Ryan Widianto', 'D411811047', 12, '2018', ''),
(2179, 'Soffy Misbahhul Anam', 'D411811048', 12, '2018', ''),
(2180, 'Vindianska', 'D411811049', 12, '2018', ''),
(2181, 'Arisyah Nur Afifah', 'E311811001', 4, '2018', ''),
(2182, 'Bastian Hidayat', 'E311811002', 4, '2018', ''),
(2183, 'Camilla Novita Rini', 'E311811003', 4, '2018', ''),
(2184, 'Irfan Amrizal', 'E311811007', 4, '2018', ''),
(2185, 'Reza Rosdiansyah', 'E311811009', 4, '2018', ''),
(2186, 'Rizky Waliyul Fahmi', 'E311811010', 4, '2018', ''),
(2187, 'Abdul Rosid Al Alawi', 'E211811001', 8, '2018', ''),
(2188, 'Arifin Leo Hamdi', 'E211811002', 8, '2018', ''),
(2189, 'Bilki Sumarli', 'E211811003', 8, '2018', ''),
(2190, 'Dimas Adijaya', 'E211811004', 8, '2018', ''),
(2191, 'Dzaky Raihan', 'E211811005', 8, '2018', ''),
(2192, 'Fahmi Rais Almahdi', 'E211811006', 8, '2018', ''),
(2193, 'Fauzi Rachmat', 'E211811007', 8, '2018', ''),
(2194, 'Iwan Setiawan', 'E211811008', 8, '2018', ''),
(2195, 'Mochammad Dwi Cahya Gymnastiar', 'E211811009', 8, '2018', ''),
(2196, 'Muhammad Ifham Syabana', 'E211811010', 8, '2018', ''),
(2197, 'Muhammad Syafrizal', 'E211811011', 8, '2018', ''),
(2198, 'Rian Andriansyah', 'E211811012', 8, '2018', ''),
(2199, 'Rifky Septyadi', 'E211811013', 8, '2018', ''),
(2200, 'Rizky Pratama Tazul Arifin', 'E211811014', 8, '2018', ''),
(2201, 'Sidiq Ahmad Fauzi', 'E211811015', 8, '2018', ''),
(2202, 'Soni Indrawan', 'E211811016', 8, '2018', ''),
(2203, 'Tedy Yuliyanto', 'E211811017', 8, '2018', ''),
(2204, 'Tri Fadilah Nugraha', 'E211811018', 8, '2018', ''),
(2205, 'Zibril Putra Noegi Gusta', 'E211811019', 8, '2018', ''),
(2206, 'Frans Arianto Gafar', 'E211811020', 8, '2018', ''),
(2207, 'Adi Lukita', 'E521811025', 5, '2018', ''),
(2208, 'Afdal Hakim', 'E521811026', 5, '2018', ''),
(2209, 'Ali Rahman', 'E521811027', 5, '2018', ''),
(2210, 'Bejo De Gidion Simanjuntak', 'E521811028', 5, '2018', ''),
(2211, 'Dendi Permana', 'E521811029', 5, '2018', ''),
(2212, 'Ejra Yursandi', 'E521811030', 5, '2018', ''),
(2213, 'Herman Faisal', 'E521811031', 5, '2018', ''),
(2214, 'Ilham Rohadi Simamora', 'E521811032', 5, '2018', ''),
(2215, 'Iqbal Najib Akbar', 'E521811033', 5, '2018', ''),
(2216, 'Jaka Rahmatullah', 'E521811034', 5, '2018', ''),
(2217, 'Jansi Putra Utama Hutauruk', 'E521811035', 5, '2018', ''),
(2218, 'Joshua Natanael Sianipar', 'E521811036', 5, '2018', ''),
(2219, 'Lisman Alfiando Hutauruk', 'E521811037', 5, '2018', ''),
(2220, 'Luthfi Farhan', 'E521811038', 5, '2018', ''),
(2221, 'Moh. Sofyan Fatrurahman', 'E521811039', 5, '2018', ''),
(2222, 'Muhamad Risky Al Sidik', 'E521811040', 5, '2018', ''),
(2223, 'Naufal Alkhafid', 'E521811041', 5, '2018', ''),
(2224, 'Rahmat Agung Hidayat Rusabuas', 'E521811042', 5, '2018', ''),
(2225, 'Rendo Bachtiar', 'E521811043', 5, '2018', ''),
(2226, 'Rio Ardison Hasibuan', 'E521811044', 5, '2018', ''),
(2227, 'Rizky Ramadoni', 'E521811045', 5, '2018', ''),
(2228, 'Sunarwan', 'E521811046', 5, '2018', ''),
(2229, 'Yan Feber Parsaulian Panggabean', 'E521811047', 5, '2018', ''),
(2230, 'Ahmad Fauzi Subur', 'E521811048', 5, '2018', ''),
(2231, 'Amin Rais', 'E521811049', 5, '2018', ''),
(2232, 'Angga Aditya Eka Nugraha', 'E521811050', 5, '2018', ''),
(2233, 'Asep Alif Alam Purnama', 'E521811051', 5, '2018', ''),
(2234, 'Caniado Nori Adindi', 'E521811052', 5, '2018', ''),
(2235, 'Dany Fitrah Lesmana', 'E521811053', 5, '2018', ''),
(2236, 'Deval Saputra', 'E521811054', 5, '2018', ''),
(2237, 'Dwi Anggi Febryanto', 'E521811055', 5, '2018', ''),
(2238, 'Fadli Alfi Syahrin', 'E521811056', 5, '2018', ''),
(2239, 'Pahmi Ibrahim', 'E521811057', 5, '2018', ''),
(2240, 'Galih Henda Putra', 'E521811058', 5, '2018', ''),
(2241, 'Galuh Henda Putra', 'E521811059', 5, '2018', ''),
(2242, 'Muhamad Iqbal Pranata', 'E521811060', 5, '2018', ''),
(2243, 'Ragil Septiaji', 'E521811061', 5, '2018', ''),
(2244, 'Rahman Padlyka', 'E521811062', 5, '2018', ''),
(2245, 'Ramdani', 'E521811063', 5, '2018', ''),
(2246, 'Renaldy Akbar Candra', 'E521811064', 5, '2018', ''),
(2247, 'Rhaka Kharan Danu', 'E521811065', 5, '2018', ''),
(2248, 'Rijalgo Atma Andika Saragi', 'E521811066', 5, '2018', ''),
(2249, 'Shendy Agus Pangestu', 'E521811067', 5, '2018', ''),
(2250, 'Yonatan Hasudungan Situmorang', 'E521811068', 5, '2018', ''),
(2251, 'Gilang Seftiawan Rizki', 'E521811069', 5, '2018', ''),
(2252, 'Mahyadin Tatro', 'E521811071', 5, '2018', ''),
(2253, 'Muhammad Bedi', 'E521811072', 5, '2018', ''),
(2254, 'Agung Gumelar Ahmad', 'D311811084', 6, '2018', ''),
(2255, 'Alpen Kasipmabin', 'D331811087', NULL, '2018', ''),
(2256, 'Toto Nuroso', 'D331811093', NULL, '2018', ''),
(2257, 'Aulia Nasru Al Haq', 'D121811147', 2, '2018', ''),
(2258, 'Eka Wiwi Prasetya Murad', 'D121811148', 2, '2018', ''),
(2259, 'Feri Setiadi', 'D121811149', 2, '2018', ''),
(2260, 'Muhammad Didin Amin', 'D121811150', 2, '2018', ''),
(2261, 'Nida Marliana', 'D121811151', 2, '2018', ''),
(2262, 'Olvyanti', 'D121811152', 2, '2018', ''),
(2263, 'Sinta Anta Sari BR Sembiring', 'D121811153', 2, '2018', ''),
(2264, 'Sitti Nur Rachmushifal', 'D121811154', 2, '2018', ''),
(2265, 'Sukmawati Salim', 'D121811155', 2, '2018', ''),
(2266, 'Yeni Heryani', 'D121811156', 2, '2018', ''),
(2267, 'Febi Ripan Maulana', 'E611821017', 10, '2018', ''),
(2268, 'Budi Ardian', 'D331811088', 5, '2018', ''),
(2269, 'Fahmi Idris', 'D331811089', 5, '2018', ''),
(2270, 'Ghaniya Islami Alhadi', 'D331811090', 5, '2018', ''),
(2271, 'Muhamad Ramdan', 'D331811091', 5, '2018', ''),
(2272, 'Otmar Ningdana', 'D331811092', 5, '2018', ''),
(2273, 'Yopi Ahmad Sopian', 'D331811094', 5, '2018', ''),
(2274, 'Taufiq Ismail', 'D331811095', 5, '2018', ''),
(2275, 'Heriyanto Hadi Nugroho', 'D331811096', 5, '2018', ''),
(2276, 'Aditya Darmawan', 'E222011041', 8, '2018', ''),
(2277, 'Rahmat Saefulloh', 'D111922115', 3, '2018', ''),
(2278, 'Febianto Ramdhani', 'D111922116', 3, '2018', ''),
(2279, 'Anggit Eki Saputro', 'D111922117', 3, '2018', ''),
(2280, 'Dos Chongly', 'D112012118', 3, '2018', ''),
(2281, 'Suon Veasnarithisak', 'D112012119', 3, '2018', ''),
(2282, 'Fadlil Annawal Ismail', 'D312022044', 6, '2018', ''),
(2283, 'Suon Vathaprasit', 'D212012073', 11, '2018', ''),
(2284, 'Riri Rahayu', 'D212012070', 11, '2018', ''),
(2285, 'Mochammad. Yusuf Ilyasyah', 'D212022071', 11, '2018', ''),
(2286, 'Siti Mahmudah', 'D212022072', 11, '2018', ''),
(2287, 'Maulana Yusuf Ibrahim', 'D412012052', 12, '2018', ''),
(2288, 'Prasetyo Eko Sucipto', 'D412012053', 12, '2018', ''),
(2289, 'Marta Wijaya', 'E511821071', 6, '2018', ''),
(2290, 'Sukirno', 'E511821072', 6, '2018', ''),
(2291, 'Supriyadi', 'E511821073', 6, '2018', ''),
(2292, 'Tarmid', 'E511821074', 6, '2018', ''),
(2293, 'Ansya', 'D999999', 4, '2023', 'D999999_1690037928_day.jpg'),
(2294, 'Ansya', 'D112121000', 3, '2023', 'D112121000_1690041309_day.jpg');

-- --------------------------------------------------------

--
-- Table structure for table `pembelian`
--

CREATE TABLE `pembelian` (
  `pembeli` varchar(50) DEFAULT NULL,
  `barang` varchar(50) DEFAULT NULL,
  `harga` int(11) DEFAULT NULL
) ENGINE=InnoDB DEFAULT CHARSET=latin1 COLLATE=latin1_swedish_ci ROW_FORMAT=COMPACT;

--
-- Dumping data for table `pembelian`
--

INSERT INTO `pembelian` (`pembeli`, `barang`, `harga`) VALUES
('Riyan', 'Mouse', 50000),
('Alma', 'Keyboard', 75000),
('Encep', 'Flashdisk', 100000),
('Andre', 'Flashdisk', 100000),
('Encep', 'Flashdisk', 100000),
('Ikhsan', 'Mouse', 500000),
('Encep', 'Keyboard', 75000);

-- --------------------------------------------------------

--
-- Table structure for table `program_studi`
--

CREATE TABLE `program_studi` (
  `ps_id` int(11) NOT NULL,
  `program_studi` varchar(50) DEFAULT NULL
) ENGINE=InnoDB DEFAULT CHARSET=latin1 COLLATE=latin1_swedish_ci ROW_FORMAT=COMPACT;

--
-- Dumping data for table `program_studi`
--

INSERT INTO `program_studi` (`ps_id`, `program_studi`) VALUES
(1, 'D4 - Konstruksi Bangunan'),
(2, 'D3 - Rekam Medis Ilmu Kesehatan'),
(3, 'D4 - Teknik Informatika'),
(4, 'D3 - Teknik Komputer'),
(5, 'D3 - Mesin Otomotif'),
(6, 'D4 - Mekanik Industri dan Desain'),
(7, 'D3 - Akuntansi'),
(8, 'D3 - Teknik Mesin'),
(9, 'D3 - Teknik Elektronika'),
(10, 'D3 - Teknik Kimia'),
(11, 'D4 - Komputerisasi Akuntansi'),
(12, 'D4 - Teknik Otomasi');

--
-- Indexes for dumped tables
--

--
-- Indexes for table `mahasiswa`
--
ALTER TABLE `mahasiswa`
  ADD PRIMARY KEY (`id`) USING BTREE;

--
-- Indexes for table `program_studi`
--
ALTER TABLE `program_studi`
  ADD PRIMARY KEY (`ps_id`) USING BTREE;

--
-- AUTO_INCREMENT for dumped tables
--

--
-- AUTO_INCREMENT for table `mahasiswa`
--
ALTER TABLE `mahasiswa`
  MODIFY `id` int(11) NOT NULL AUTO_INCREMENT, AUTO_INCREMENT=2295;
COMMIT;

/*!40101 SET CHARACTER_SET_CLIENT=@OLD_CHARACTER_SET_CLIENT */;
/*!40101 SET CHARACTER_SET_RESULTS=@OLD_CHARACTER_SET_RESULTS */;
/*!40101 SET COLLATION_CONNECTION=@OLD_COLLATION_CONNECTION */;
